assetId,profileId,gender,shotType,qaStatus,visualQaStatus,localPath,finalPath,width,height,fileBytes,error,reasonCodes,updatedAt
female_001__silhouette_card__v001,female_001,female,silhouette_card,missing,visual_qa_blocked,C:/Users/Mickey/StudioProjects/dating-app-ai_profile_image/ai_image/raw/female_001__silhouette_card__v001__attempt01.png,C:/Users/Mickey/StudioProjects/dating-app-ai_profile_image/ai_image/female/001/silhouette_card.png,0,0,0,missing_image,"[""missing_image""]",2026-05-17T22:38:11+00:00
female_002__silhouette_card__v001,female_002,female,silhouette_card,file_qa_passed,visual_qa_pending,C:/Users/Mickey/StudioProjects/dating-app-ai_profile_image/ai_image/raw/female_002__silhouette_card__v001__attempt01.png,C:/Users/Mickey/StudioProjects/dating-app-ai_profile_image/ai_image/female/002/silhouette_card.png,941,1672,2938107,,[],2026-05-17T22:38:11+00:00
female_003__silhouette_card__v001,female_003,female,silhouette_card,file_qa_passed,visual_qa_pending,C:/Users/Mickey/StudioProjects/dating-app-ai_profile_image/ai_image/raw/female_003__silhouette_card__v001__attempt01.png,C:/Users/Mickey/StudioProjects/dating-app-ai_profile_image/ai_image/female/003/silhouette_card.png,941,1672,2814894,,[],2026-05-17T22:38:11+00:00
female_004__silhouette_card__v001,female_004,female,silhouette_card,file_qa_passed,visual_qa_pending,C:/Users/Mickey/StudioProjects/dating-app-ai_profile_image/ai_image/raw/female_004__silhouette_card__v001__attempt01.png,C:/Users/Mickey/StudioProjects/dating-app-ai_profile_image/ai_image/female/004/silhouette_card.png,941,1672,2254444,,[],2026-05-17T22:38:11+00:00
female_005__silhouette_card__v001,female_005,female,silhouette_card,missing,visual_qa_blocked,C:/Users/Mickey/StudioProjects/dating-app-ai_profile_image/ai_image/raw/female_005__silhouette_card__v001__attempt01.png,C:/Users/Mickey/StudioProjects/dating-app-ai_profile_image/ai_image/female/005/silhouette_card.png,0,0,0,missing_image,"[""missing_image""]",2026-05-17T22:38:11+00:00
female_006__silhouette_card__v001,female_006,female,silhouette_card,file_qa_passed,visual_qa_pending,C:/Users/Mickey/StudioProjects/dating-app-ai_profile_image/ai_image/raw/female_006__silhouette_card__v001__attempt01.png,C:/Users/Mickey/StudioProjects/dating-app-ai_profile_image/ai_image/female/006/silhouette_card.png,1229,1844,2988256,,[],2026-05-17T22:38:11+00:00
female_007__silhouette_card__v001,female_007,female,silhouette_card,file_qa_passed,visual_qa_pending,C:/Users/Mickey/StudioProjects/dating-app-ai_profile_image/ai_image/raw/female_007__silhouette_card__v001__attempt01.png,C:/Users/Mickey/StudioProjects/dating-app-ai_profile_image/ai_image/female/007/silhouette_card.png,1023,1537,2663489,,[],2026-05-17T22:38:11+00:00
female_008__silhouette_card__v001,female_008,female,silhouette_card,file_qa_passed,visual_qa_pending,C:/Users/Mickey/StudioProjects/dating-app-ai_profile_image/ai_image/raw/female_008__silhouette_card__v001__attempt01.png,C:/Users/Mickey/StudioProjects/dating-app-ai_profile_image/ai_image/female/008/silhouette_card.png,941,1672,2651106,,[],2026-05-17T22:38:11+00:00
female_009__silhouette_card__v001,female_009,female,silhouette_card,file_rejected,visual_qa_blocked,C:/Users/Mickey/StudioProjects/dating-app-ai_profile_image/ai_image/raw/female_009__silhouette_card__v001__attempt01.png,C:/Users/Mickey/StudioProjects/dating-app-ai_profile_image/ai_image/female/009/silhouette_card.png,862,1824,2579123,bad_aspect_ratio,"[""bad_aspect_ratio""]",2026-05-17T22:38:11+00:00
female_010__silhouette_card__v001,female_010,female,silhouette_card,file_qa_passed,visual_qa_pending,C:/Users/Mickey/StudioProjects/dating-app-ai_profile_image/ai_image/raw/female_010__silhouette_card__v001__attempt01.png,C:/Users/Mickey/StudioProjects/dating-app-ai_profile_image/ai_image/female/010/silhouette_card.png,1024,1536,2578065,,[],2026-05-17T22:38:11+00:00
female_011__silhouette_card__v001,female_011,female,silhouette_card,file_rejected,visual_qa_blocked,C:/Users/Mickey/StudioProjects/dating-app-ai_profile_image/ai_image/raw/female_011__silhouette_card__v001__attempt01.png,C:/Users/Mickey/StudioProjects/dating-app-ai_profile_image/ai_image/female/011/silhouette_card.png,1024,1536,2662155,duplicate_image_hash,"[""duplicate_image_hash""]",2026-05-17T22:38:11+00:00
female_012__silhouette_card__v001,female_012,female,silhouette_card,file_qa_passed,visual_qa_pending,C:/Users/Mickey/StudioProjects/dating-app-ai_profile_image/ai_image/raw/female_012__silhouette_card__v001__attempt01.png,C:/Users/Mickey/StudioProjects/dating-app-ai_profile_image/ai_image/female/012/silhouette_card.png,941,1672,2490044,,[],2026-05-17T22:38:11+00:00
female_013__silhouette_card__v001,female_013,female,silhouette_card,file_qa_passed,visual_qa_pending,C:/Users/Mickey/StudioProjects/dating-app-ai_profile_image/ai_image/raw/female_013__silhouette_card__v001__attempt01.png,C:/Users/Mickey/StudioProjects/dating-app-ai_profile_image/ai_image/female/013/silhouette_card.png,1024,1536,2785339,,[],2026-05-17T22:38:11+00:00
female_014__silhouette_card__v001,female_014,female,silhouette_card,file_qa_passed,visual_qa_pending,C:/Users/Mickey/StudioProjects/dating-app-ai_profile_image/ai_image/raw/female_014__silhouette_card__v001__attempt01.png,C:/Users/Mickey/StudioProjects/dating-app-ai_profile_image/ai_image/female/014/silhouette_card.png,941,1672,2302686,,[],2026-05-17T22:38:11+00:00
female_015__silhouette_card__v001,female_015,female,silhouette_card,file_qa_passed,visual_qa_pending,C:/Users/Mickey/StudioProjects/dating-app-ai_profile_image/ai_image/raw/female_015__silhouette_card__v001__attempt01.png,C:/Users/Mickey/StudioProjects/dating-app-ai_profile_image/ai_image/female/015/silhouette_card.png,1024,1536,2424769,,[],2026-05-17T22:38:11+00:00
female_016__silhouette_card__v001,female_016,female,silhouette_card,missing,visual_qa_blocked,C:/Users/Mickey/StudioProjects/dating-app-ai_profile_image/ai_image/raw/female_016__silhouette_card__v001__attempt01.png,C:/Users/Mickey/StudioProjects/dating-app-ai_profile_image/ai_image/female/016/silhouette_card.png,0,0,0,missing_image,"[""missing_image""]",2026-05-17T22:38:11+00:00
female_017__silhouette_card__v001,female_017,female,silhouette_card,missing,visual_qa_blocked,C:/Users/Mickey/StudioProjects/dating-app-ai_profile_image/ai_image/raw/female_017__silhouette_card__v001__attempt01.png,C:/Users/Mickey/StudioProjects/dating-app-ai_profile_image/ai_image/female/017/silhouette_card.png,0,0,0,missing_image,"[""missing_image""]",2026-05-17T22:38:11+00:00
female_018__silhouette_card__v001,female_018,female,silhouette_card,file_qa_passed,visual_qa_pending,C:/Users/Mickey/StudioProjects/dating-app-ai_profile_image/ai_image/raw/female_018__silhouette_card__v001__attempt01.png,C:/Users/Mickey/StudioProjects/dating-app-ai_profile_image/ai_image/female/018/silhouette_card.png,941,1671,2384334,,[],2026-05-17T22:38:11+00:00
female_019__silhouette_card__v001,female_019,female,silhouette_card,file_qa_passed,visual_qa_pending,C:/Users/Mickey/StudioProjects/dating-app-ai_profile_image/ai_image/raw/female_019__silhouette_card__v001__attempt01.png,C:/Users/Mickey/StudioProjects/dating-app-ai_profile_image/ai_image/female/019/silhouette_card.png,1023,1537,2232330,,[],2026-05-17T22:38:11+00:00
female_020__silhouette_card__v001,female_020,female,silhouette_card,file_qa_passed,visual_qa_pending,C:/Users/Mickey/StudioProjects/dating-app-ai_profile_image/ai_image/raw/female_020__silhouette_card__v001__attempt01.png,C:/Users/Mickey/StudioProjects/dating-app-ai_profile_image/ai_image/female/020/silhouette_card.png,1024,1536,2742519,,[],2026-05-17T22:38:11+00:00
female_021__silhouette_card__v001,female_021,female,silhouette_card,file_qa_passed,visual_qa_pending,C:/Users/Mickey/StudioProjects/dating-app-ai_profile_image/ai_image/raw/female_021__silhouette_card__v001__attempt01.png,C:/Users/Mickey/StudioProjects/dating-app-ai_profile_image/ai_image/female/021/silhouette_card.png,1024,1536,3241984,,[],2026-05-17T22:38:11+00:00
female_022__silhouette_card__v001,female_022,female,silhouette_card,file_qa_passed,visual_qa_pending,C:/Users/Mickey/StudioProjects/dating-app-ai_profile_image/ai_image/raw/female_022__silhouette_card__v001__attempt01.png,C:/Users/Mickey/StudioProjects/dating-app-ai_profile_image/ai_image/female/022/silhouette_card.png,1024,1536,2631190,,[],2026-05-17T22:38:11+00:00
female_023__silhouette_card__v001,female_023,female,silhouette_card,missing,visual_qa_blocked,C:/Users/Mickey/StudioProjects/dating-app-ai_profile_image/ai_image/raw/female_023__silhouette_card__v001__attempt01.png,C:/Users/Mickey/StudioProjects/dating-app-ai_profile_image/ai_image/female/023/silhouette_card.png,0,0,0,missing_image,"[""missing_image""]",2026-05-17T22:38:11+00:00
female_024__silhouette_card__v001,female_024,female,silhouette_card,missing,visual_qa_blocked,C:/Users/Mickey/StudioProjects/dating-app-ai_profile_image/ai_image/raw/female_024__silhouette_card__v001__attempt01.png,C:/Users/Mickey/StudioProjects/dating-app-ai_profile_image/ai_image/female/024/silhouette_card.png,0,0,0,missing_image,"[""missing_image""]",2026-05-17T22:38:11+00:00
female_025__silhouette_card__v001,female_025,female,silhouette_card,missing,visual_qa_blocked,C:/Users/Mickey/StudioProjects/dating-app-ai_profile_image/ai_image/raw/female_025__silhouette_card__v001__attempt01.png,C:/Users/Mickey/StudioProjects/dating-app-ai_profile_image/ai_image/female/025/silhouette_card.png,0,0,0,missing_image,"[""missing_image""]",2026-05-17T22:38:11+00:00
female_026__silhouette_card__v001,female_026,female,silhouette_card,missing,visual_qa_blocked,C:/Users/Mickey/StudioProjects/dating-app-ai_profile_image/ai_image/raw/female_026__silhouette_card__v001__attempt01.png,C:/Users/Mickey/StudioProjects/dating-app-ai_profile_image/ai_image/female/026/silhouette_card.png,0,0,0,missing_image,"[""missing_image""]",2026-05-17T22:38:11+00:00
female_027__silhouette_card__v001,female_027,female,silhouette_card,missing,visual_qa_blocked,C:/Users/Mickey/StudioProjects/dating-app-ai_profile_image/ai_image/raw/female_027__silhouette_card__v001__attempt01.png,C:/Users/Mickey/StudioProjects/dating-app-ai_profile_image/ai_image/female/027/silhouette_card.png,0,0,0,missing_image,"[""missing_image""]",2026-05-17T22:38:11+00:00
female_028__silhouette_card__v001,female_028,female,silhouette_card,missing,visual_qa_blocked,C:/Users/Mickey/StudioProjects/dating-app-ai_profile_image/ai_image/raw/female_028__silhouette_card__v001__attempt01.png,C:/Users/Mickey/StudioProjects/dating-app-ai_profile_image/ai_image/female/028/silhouette_card.png,0,0,0,missing_image,"[""missing_image""]",2026-05-17T22:38:11+00:00
female_029__silhouette_card__v001,female_029,female,silhouette_card,missing,visual_qa_blocked,C:/Users/Mickey/StudioProjects/dating-app-ai_profile_image/ai_image/raw/female_029__silhouette_card__v001__attempt01.png,C:/Users/Mickey/StudioProjects/dating-app-ai_profile_image/ai_image/female/029/silhouette_card.png,0,0,0,missing_image,"[""missing_image""]",2026-05-17T22:38:11+00:00
female_030__silhouette_card__v001,female_030,female,silhouette_card,missing,visual_qa_blocked,C:/Users/Mickey/StudioProjects/dating-app-ai_profile_image/ai_image/raw/female_030__silhouette_card__v001__attempt01.png,C:/Users/Mickey/StudioProjects/dating-app-ai_profile_image/ai_image/female/030/silhouette_card.png,0,0,0,missing_image,"[""missing_image""]",2026-05-17T22:38:11+00:00
female_031__silhouette_card__v001,female_031,female,silhouette_card,missing,visual_qa_blocked,C:/Users/Mickey/StudioProjects/dating-app-ai_profile_image/ai_image/raw/female_031__silhouette_card__v001__attempt01.png,C:/Users/Mickey/StudioProjects/dating-app-ai_profile_image/ai_image/female/031/silhouette_card.png,0,0,0,missing_image,"[""missing_image""]",2026-05-17T22:38:11+00:00
female_032__silhouette_card__v001,female_032,female,silhouette_card,missing,visual_qa_blocked,C:/Users/Mickey/StudioProjects/dating-app-ai_profile_image/ai_image/raw/female_032__silhouette_card__v001__attempt01.png,C:/Users/Mickey/StudioProjects/dating-app-ai_profile_image/ai_image/female/032/silhouette_card.png,0,0,0,missing_image,"[""missing_image""]",2026-05-17T22:38:11+00:00
female_033__silhouette_card__v001,female_033,female,silhouette_card,missing,visual_qa_blocked,C:/Users/Mickey/StudioProjects/dating-app-ai_profile_image/ai_image/raw/female_033__silhouette_card__v001__attempt01.png,C:/Users/Mickey/StudioProjects/dating-app-ai_profile_image/ai_image/female/033/silhouette_card.png,0,0,0,missing_image,"[""missing_image""]",2026-05-17T22:38:11+00:00
female_034__silhouette_card__v001,female_034,female,silhouette_card,missing,visual_qa_blocked,C:/Users/Mickey/StudioProjects/dating-app-ai_profile_image/ai_image/raw/female_034__silhouette_card__v001__attempt01.png,C:/Users/Mickey/StudioProjects/dating-app-ai_profile_image/ai_image/female/034/silhouette_card.png,0,0,0,missing_image,"[""missing_image""]",2026-05-17T22:38:11+00:00
female_035__silhouette_card__v001,female_035,female,silhouette_card,missing,visual_qa_blocked,C:/Users/Mickey/StudioProjects/dating-app-ai_profile_image/ai_image/raw/female_035__silhouette_card__v001__attempt01.png,C:/Users/Mickey/StudioProjects/dating-app-ai_profile_image/ai_image/female/035/silhouette_card.png,0,0,0,missing_image,"[""missing_image""]",2026-05-17T22:38:11+00:00
female_036__silhouette_card__v001,female_036,female,silhouette_card,missing,visual_qa_blocked,C:/Users/Mickey/StudioProjects/dating-app-ai_profile_image/ai_image/raw/female_036__silhouette_card__v001__attempt01.png,C:/Users/Mickey/StudioProjects/dating-app-ai_profile_image/ai_image/female/036/silhouette_card.png,0,0,0,missing_image,"[""missing_image""]",2026-05-17T22:38:11+00:00
female_037__silhouette_card__v001,female_037,female,silhouette_card,missing,visual_qa_blocked,C:/Users/Mickey/StudioProjects/dating-app-ai_profile_image/ai_image/raw/female_037__silhouette_card__v001__attempt01.png,C:/Users/Mickey/StudioProjects/dating-app-ai_profile_image/ai_image/female/037/silhouette_card.png,0,0,0,missing_image,"[""missing_image""]",2026-05-17T22:38:11+00:00
female_038__silhouette_card__v001,female_038,female,silhouette_card,missing,visual_qa_blocked,C:/Users/Mickey/StudioProjects/dating-app-ai_profile_image/ai_image/raw/female_038__silhouette_card__v001__attempt01.png,C:/Users/Mickey/StudioProjects/dating-app-ai_profile_image/ai_image/female/038/silhouette_card.png,0,0,0,missing_image,"[""missing_image""]",2026-05-17T22:38:11+00:00
female_039__silhouette_card__v001,female_039,female,silhouette_card,missing,visual_qa_blocked,C:/Users/Mickey/StudioProjects/dating-app-ai_profile_image/ai_image/raw/female_039__silhouette_card__v001__attempt01.png,C:/Users/Mickey/StudioProjects/dating-app-ai_profile_image/ai_image/female/039/silhouette_card.png,0,0,0,missing_image,"[""missing_image""]",2026-05-17T22:38:11+00:00
female_040__silhouette_card__v001,female_040,female,silhouette_card,missing,visual_qa_blocked,C:/Users/Mickey/StudioProjects/dating-app-ai_profile_image/ai_image/raw/female_040__silhouette_card__v001__attempt01.png,C:/Users/Mickey/StudioProjects/dating-app-ai_profile_image/ai_image/female/040/silhouette_card.png,0,0,0,missing_image,"[""missing_image""]",2026-05-17T22:38:11+00:00
female_041__silhouette_card__v001,female_041,female,silhouette_card,missing,visual_qa_blocked,C:/Users/Mickey/StudioProjects/dating-app-ai_profile_image/ai_image/raw/female_041__silhouette_card__v001__attempt01.png,C:/Users/Mickey/StudioProjects/dating-app-ai_profile_image/ai_image/female/041/silhouette_card.png,0,0,0,missing_image,"[""missing_image""]",2026-05-17T22:38:11+00:00
female_042__silhouette_card__v001,female_042,female,silhouette_card,missing,visual_qa_blocked,C:/Users/Mickey/StudioProjects/dating-app-ai_profile_image/ai_image/raw/female_042__silhouette_card__v001__attempt01.png,C:/Users/Mickey/StudioProjects/dating-app-ai_profile_image/ai_image/female/042/silhouette_card.png,0,0,0,missing_image,"[""missing_image""]",2026-05-17T22:38:11+00:00
female_043__silhouette_card__v001,female_043,female,silhouette_card,missing,visual_qa_blocked,C:/Users/Mickey/StudioProjects/dating-app-ai_profile_image/ai_image/raw/female_043__silhouette_card__v001__attempt01.png,C:/Users/Mickey/StudioProjects/dating-app-ai_profile_image/ai_image/female/043/silhouette_card.png,0,0,0,missing_image,"[""missing_image""]",2026-05-17T22:38:11+00:00
female_044__silhouette_card__v001,female_044,female,silhouette_card,missing,visual_qa_blocked,C:/Users/Mickey/StudioProjects/dating-app-ai_profile_image/ai_image/raw/female_044__silhouette_card__v001__attempt01.png,C:/Users/Mickey/StudioProjects/dating-app-ai_profile_image/ai_image/female/044/silhouette_card.png,0,0,0,missing_image,"[""missing_image""]",2026-05-17T22:38:11+00:00
female_045__silhouette_card__v001,female_045,female,silhouette_card,missing,visual_qa_blocked,C:/Users/Mickey/StudioProjects/dating-app-ai_profile_image/ai_image/raw/female_045__silhouette_card__v001__attempt01.png,C:/Users/Mickey/StudioProjects/dating-app-ai_profile_image/ai_image/female/045/silhouette_card.png,0,0,0,missing_image,"[""missing_image""]",2026-05-17T22:38:11+00:00
female_046__silhouette_card__v001,female_046,female,silhouette_card,missing,visual_qa_blocked,C:/Users/Mickey/StudioProjects/dating-app-ai_profile_image/ai_image/raw/female_046__silhouette_card__v001__attempt01.png,C:/Users/Mickey/StudioProjects/dating-app-ai_profile_image/ai_image/female/046/silhouette_card.png,0,0,0,missing_image,"[""missing_image""]",2026-05-17T22:38:11+00:00
female_047__silhouette_card__v001,female_047,female,silhouette_card,missing,visual_qa_blocked,C:/Users/Mickey/StudioProjects/dating-app-ai_profile_image/ai_image/raw/female_047__silhouette_card__v001__attempt01.png,C:/Users/Mickey/StudioProjects/dating-app-ai_profile_image/ai_image/female/047/silhouette_card.png,0,0,0,missing_image,"[""missing_image""]",2026-05-17T22:38:11+00:00
female_048__silhouette_card__v001,female_048,female,silhouette_card,missing,visual_qa_blocked,C:/Users/Mickey/StudioProjects/dating-app-ai_profile_image/ai_image/raw/female_048__silhouette_card__v001__attempt01.png,C:/Users/Mickey/StudioProjects/dating-app-ai_profile_image/ai_image/female/048/silhouette_card.png,0,0,0,missing_image,"[""missing_image""]",2026-05-17T22:38:11+00:00
female_049__silhouette_card__v001,female_049,female,silhouette_card,file_qa_passed,visual_qa_pending,C:/Users/Mickey/StudioProjects/dating-app-ai_profile_image/ai_image/raw/female_049__silhouette_card__v001__attempt01.png,C:/Users/Mickey/StudioProjects/dating-app-ai_profile_image/ai_image/female/049/silhouette_card.png,971,1619,1911892,,[],2026-05-17T22:38:11+00:00
female_050__silhouette_card__v001,female_050,female,silhouette_card,file_qa_passed,visual_qa_pending,C:/Users/Mickey/StudioProjects/dating-app-ai_profile_image/ai_image/raw/female_050__silhouette_card__v001__attempt01.png,C:/Users/Mickey/StudioProjects/dating-app-ai_profile_image/ai_image/female/050/silhouette_card.png,1122,1402,2806401,,[],2026-05-17T22:38:11+00:00
female_051__silhouette_card__v001,female_051,female,silhouette_card,file_qa_passed,visual_qa_pending,C:/Users/Mickey/StudioProjects/dating-app-ai_profile_image/ai_image/raw/female_051__silhouette_card__v001__attempt01.png,C:/Users/Mickey/StudioProjects/dating-app-ai_profile_image/ai_image/female/051/silhouette_card.png,1024,1536,2376066,,[],2026-05-17T22:38:11+00:00
female_052__silhouette_card__v001,female_052,female,silhouette_card,file_qa_passed,visual_qa_pending,C:/Users/Mickey/StudioProjects/dating-app-ai_profile_image/ai_image/raw/female_052__silhouette_card__v001__attempt01.png,C:/Users/Mickey/StudioProjects/dating-app-ai_profile_image/ai_image/female/052/silhouette_card.png,1024,1536,2522182,,[],2026-05-17T22:38:11+00:00
female_053__silhouette_card__v001,female_053,female,silhouette_card,file_qa_passed,visual_qa_pending,C:/Users/Mickey/StudioProjects/dating-app-ai_profile_image/ai_image/raw/female_053__silhouette_card__v001__attempt01.png,C:/Users/Mickey/StudioProjects/dating-app-ai_profile_image/ai_image/female/053/silhouette_card.png,941,1672,2388190,,[],2026-05-17T22:38:11+00:00
female_054__silhouette_card__v001,female_054,female,silhouette_card,file_qa_passed,visual_qa_pending,C:/Users/Mickey/StudioProjects/dating-app-ai_profile_image/ai_image/raw/female_054__silhouette_card__v001__attempt01.png,C:/Users/Mickey/StudioProjects/dating-app-ai_profile_image/ai_image/female/054/silhouette_card.png,1024,1536,2490349,,[],2026-05-17T22:38:11+00:00
female_055__silhouette_card__v001,female_055,female,silhouette_card,file_qa_passed,visual_qa_pending,C:/Users/Mickey/StudioProjects/dating-app-ai_profile_image/ai_image/raw/female_055__silhouette_card__v001__attempt01.png,C:/Users/Mickey/StudioProjects/dating-app-ai_profile_image/ai_image/female/055/silhouette_card.png,941,1672,2483930,,[],2026-05-17T22:38:11+00:00
female_056__silhouette_card__v001,female_056,female,silhouette_card,file_qa_passed,visual_qa_pending,C:/Users/Mickey/StudioProjects/dating-app-ai_profile_image/ai_image/raw/female_056__silhouette_card__v001__attempt01.png,C:/Users/Mickey/StudioProjects/dating-app-ai_profile_image/ai_image/female/056/silhouette_card.png,941,1672,2409585,,[],2026-05-17T22:38:11+00:00
female_057__silhouette_card__v001,female_057,female,silhouette_card,file_qa_passed,visual_qa_pending,C:/Users/Mickey/StudioProjects/dating-app-ai_profile_image/ai_image/raw/female_057__silhouette_card__v001__attempt01.png,C:/Users/Mickey/StudioProjects/dating-app-ai_profile_image/ai_image/female/057/silhouette_card.png,941,1672,2774382,,[],2026-05-17T22:38:11+00:00
female_058__silhouette_card__v001,female_058,female,silhouette_card,file_qa_passed,visual_qa_pending,C:/Users/Mickey/StudioProjects/dating-app-ai_profile_image/ai_image/raw/female_058__silhouette_card__v001__attempt02.png,C:/Users/Mickey/StudioProjects/dating-app-ai_profile_image/ai_image/female/058/silhouette_card.png,1024,1536,2160161,,[],2026-05-17T22:38:11+00:00
female_059__silhouette_card__v001,female_059,female,silhouette_card,file_qa_passed,visual_qa_pending,C:/Users/Mickey/StudioProjects/dating-app-ai_profile_image/ai_image/raw/female_059__silhouette_card__v001__attempt01.png,C:/Users/Mickey/StudioProjects/dating-app-ai_profile_image/ai_image/female/059/silhouette_card.png,941,1672,2780753,,[],2026-05-17T22:38:11+00:00
female_060__silhouette_card__v001,female_060,female,silhouette_card,file_qa_passed,visual_qa_pending,C:/Users/Mickey/StudioProjects/dating-app-ai_profile_image/ai_image/raw/female_060__silhouette_card__v001__attempt01.png,C:/Users/Mickey/StudioProjects/dating-app-ai_profile_image/ai_image/female/060/silhouette_card.png,1024,1536,3477856,,[],2026-05-17T22:38:11+00:00
female_061__silhouette_card__v001,female_061,female,silhouette_card,file_qa_passed,visual_qa_pending,C:/Users/Mickey/StudioProjects/dating-app-ai_profile_image/ai_image/raw/female_061__silhouette_card__v001__attempt01.png,C:/Users/Mickey/StudioProjects/dating-app-ai_profile_image/ai_image/female/061/silhouette_card.png,941,1672,2517562,,[],2026-05-17T22:38:11+00:00
female_062__silhouette_card__v001,female_062,female,silhouette_card,file_qa_passed,visual_qa_pending,C:/Users/Mickey/StudioProjects/dating-app-ai_profile_image/ai_image/raw/female_062__silhouette_card__v001__attempt01.png,C:/Users/Mickey/StudioProjects/dating-app-ai_profile_image/ai_image/female/062/silhouette_card.png,972,1619,3055170,,[],2026-05-17T22:38:11+00:00
female_063__silhouette_card__v001,female_063,female,silhouette_card,file_qa_passed,visual_qa_pending,C:/Users/Mickey/StudioProjects/dating-app-ai_profile_image/ai_image/raw/female_063__silhouette_card__v001__attempt01.png,C:/Users/Mickey/StudioProjects/dating-app-ai_profile_image/ai_image/female/063/silhouette_card.png,1024,1536,2605702,,[],2026-05-17T22:38:11+00:00
female_064__silhouette_card__v001,female_064,female,silhouette_card,file_qa_passed,visual_qa_pending,C:/Users/Mickey/StudioProjects/dating-app-ai_profile_image/ai_image/raw/female_064__silhouette_card__v001__attempt01.png,C:/Users/Mickey/StudioProjects/dating-app-ai_profile_image/ai_image/female/064/silhouette_card.png,941,1672,2417942,,[],2026-05-17T22:38:11+00:00
female_065__silhouette_card__v001,female_065,female,silhouette_card,file_qa_passed,visual_qa_pending,C:/Users/Mickey/StudioProjects/dating-app-ai_profile_image/ai_image/raw/female_065__silhouette_card__v001__attempt01.png,C:/Users/Mickey/StudioProjects/dating-app-ai_profile_image/ai_image/female/065/silhouette_card.png,1024,1536,2843807,,[],2026-05-17T22:38:11+00:00
female_066__silhouette_card__v001,female_066,female,silhouette_card,file_qa_passed,visual_qa_pending,C:/Users/Mickey/StudioProjects/dating-app-ai_profile_image/ai_image/raw/female_066__silhouette_card__v001__attempt01.png,C:/Users/Mickey/StudioProjects/dating-app-ai_profile_image/ai_image/female/066/silhouette_card.png,1024,1536,2881315,,[],2026-05-17T22:38:11+00:00
female_067__silhouette_card__v001,female_067,female,silhouette_card,file_qa_passed,visual_qa_pending,C:/Users/Mickey/StudioProjects/dating-app-ai_profile_image/ai_image/raw/female_067__silhouette_card__v001__attempt01.png,C:/Users/Mickey/StudioProjects/dating-app-ai_profile_image/ai_image/female/067/silhouette_card.png,941,1672,2783838,,[],2026-05-17T22:38:11+00:00
female_068__silhouette_card__v001,female_068,female,silhouette_card,file_qa_passed,visual_qa_pending,C:/Users/Mickey/StudioProjects/dating-app-ai_profile_image/ai_image/raw/female_068__silhouette_card__v001__attempt01.png,C:/Users/Mickey/StudioProjects/dating-app-ai_profile_image/ai_image/female/068/silhouette_card.png,1024,1536,3152877,,[],2026-05-17T22:38:11+00:00
female_069__silhouette_card__v001,female_069,female,silhouette_card,file_qa_passed,visual_qa_pending,C:/Users/Mickey/StudioProjects/dating-app-ai_profile_image/ai_image/raw/female_069__silhouette_card__v001__attempt01.png,C:/Users/Mickey/StudioProjects/dating-app-ai_profile_image/ai_image/female/069/silhouette_card.png,941,1672,2551228,,[],2026-05-17T22:38:11+00:00
female_070__silhouette_card__v001,female_070,female,silhouette_card,file_qa_passed,visual_qa_pending,C:/Users/Mickey/StudioProjects/dating-app-ai_profile_image/ai_image/raw/female_070__silhouette_card__v001__attempt01.png,C:/Users/Mickey/StudioProjects/dating-app-ai_profile_image/ai_image/female/070/silhouette_card.png,1023,1537,2340920,,[],2026-05-17T22:38:11+00:00
female_071__silhouette_card__v001,female_071,female,silhouette_card,file_qa_passed,visual_qa_pending,C:/Users/Mickey/StudioProjects/dating-app-ai_profile_image/ai_image/raw/female_071__silhouette_card__v001__attempt01.png,C:/Users/Mickey/StudioProjects/dating-app-ai_profile_image/ai_image/female/071/silhouette_card.png,941,1672,2893556,,[],2026-05-17T22:38:11+00:00
female_072__silhouette_card__v001,female_072,female,silhouette_card,file_qa_passed,visual_qa_pending,C:/Users/Mickey/StudioProjects/dating-app-ai_profile_image/ai_image/raw/female_072__silhouette_card__v001__attempt01.png,C:/Users/Mickey/StudioProjects/dating-app-ai_profile_image/ai_image/female/072/silhouette_card.png,1023,1537,2991666,,[],2026-05-17T22:38:11+00:00
female_073__silhouette_card__v001,female_073,female,silhouette_card,file_qa_passed,visual_qa_pending,C:/Users/Mickey/StudioProjects/dating-app-ai_profile_image/ai_image/raw/female_073__silhouette_card__v001__attempt01.png,C:/Users/Mickey/StudioProjects/dating-app-ai_profile_image/ai_image/female/073/silhouette_card.png,1024,1536,2497858,,[],2026-05-17T22:38:11+00:00
female_074__silhouette_card__v001,female_074,female,silhouette_card,file_qa_passed,visual_qa_pending,C:/Users/Mickey/StudioProjects/dating-app-ai_profile_image/ai_image/raw/female_074__silhouette_card__v001__attempt01.png,C:/Users/Mickey/StudioProjects/dating-app-ai_profile_image/ai_image/female/074/silhouette_card.png,1024,1536,2638534,,[],2026-05-17T22:38:11+00:00
female_075__silhouette_card__v001,female_075,female,silhouette_card,file_qa_passed,visual_qa_pending,C:/Users/Mickey/StudioProjects/dating-app-ai_profile_image/ai_image/raw/female_075__silhouette_card__v001__attempt01.png,C:/Users/Mickey/StudioProjects/dating-app-ai_profile_image/ai_image/female/075/silhouette_card.png,1024,1536,2741994,,[],2026-05-17T22:38:11+00:00
female_076__silhouette_card__v001,female_076,female,silhouette_card,file_qa_passed,visual_qa_pending,C:/Users/Mickey/StudioProjects/dating-app-ai_profile_image/ai_image/raw/female_076__silhouette_card__v001__attempt01.png,C:/Users/Mickey/StudioProjects/dating-app-ai_profile_image/ai_image/female/076/silhouette_card.png,1024,1536,2494480,,[],2026-05-17T22:38:11+00:00
female_077__silhouette_card__v001,female_077,female,silhouette_card,file_qa_passed,visual_qa_pending,C:/Users/Mickey/StudioProjects/dating-app-ai_profile_image/ai_image/raw/female_077__silhouette_card__v001__attempt01.png,C:/Users/Mickey/StudioProjects/dating-app-ai_profile_image/ai_image/female/077/silhouette_card.png,1024,1536,2836420,,[],2026-05-17T22:38:11+00:00
female_078__silhouette_card__v001,female_078,female,silhouette_card,file_qa_passed,visual_qa_pending,C:/Users/Mickey/StudioProjects/dating-app-ai_profile_image/ai_image/raw/female_078__silhouette_card__v001__attempt01.png,C:/Users/Mickey/StudioProjects/dating-app-ai_profile_image/ai_image/female/078/silhouette_card.png,1024,1536,3509088,,[],2026-05-17T22:38:11+00:00
female_079__silhouette_card__v001,female_079,female,silhouette_card,file_qa_passed,visual_qa_pending,C:/Users/Mickey/StudioProjects/dating-app-ai_profile_image/ai_image/raw/female_079__silhouette_card__v001__attempt01.png,C:/Users/Mickey/StudioProjects/dating-app-ai_profile_image/ai_image/female/079/silhouette_card.png,1024,1536,3314476,,[],2026-05-17T22:38:11+00:00
female_080__silhouette_card__v001,female_080,female,silhouette_card,file_qa_passed,visual_qa_pending,C:/Users/Mickey/StudioProjects/dating-app-ai_profile_image/ai_image/raw/female_080__silhouette_card__v001__attempt01.png,C:/Users/Mickey/StudioProjects/dating-app-ai_profile_image/ai_image/female/080/silhouette_card.png,1024,1536,2580799,,[],2026-05-17T22:38:11+00:00
female_081__silhouette_card__v001,female_081,female,silhouette_card,missing,visual_qa_blocked,C:/Users/Mickey/StudioProjects/dating-app-ai_profile_image/ai_image/raw/female_081__silhouette_card__v001__attempt01.png,C:/Users/Mickey/StudioProjects/dating-app-ai_profile_image/ai_image/female/081/silhouette_card.png,0,0,0,missing_image,"[""missing_image""]",2026-05-17T22:38:11+00:00
female_082__silhouette_card__v001,female_082,female,silhouette_card,missing,visual_qa_blocked,C:/Users/Mickey/StudioProjects/dating-app-ai_profile_image/ai_image/raw/female_082__silhouette_card__v001__attempt01.png,C:/Users/Mickey/StudioProjects/dating-app-ai_profile_image/ai_image/female/082/silhouette_card.png,0,0,0,missing_image,"[""missing_image""]",2026-05-17T22:38:11+00:00
female_083__silhouette_card__v001,female_083,female,silhouette_card,missing,visual_qa_blocked,C:/Users/Mickey/StudioProjects/dating-app-ai_profile_image/ai_image/raw/female_083__silhouette_card__v001__attempt01.png,C:/Users/Mickey/StudioProjects/dating-app-ai_profile_image/ai_image/female/083/silhouette_card.png,0,0,0,missing_image,"[""missing_image""]",2026-05-17T22:38:11+00:00
female_084__silhouette_card__v001,female_084,female,silhouette_card,missing,visual_qa_blocked,C:/Users/Mickey/StudioProjects/dating-app-ai_profile_image/ai_image/raw/female_084__silhouette_card__v001__attempt01.png,C:/Users/Mickey/StudioProjects/dating-app-ai_profile_image/ai_image/female/084/silhouette_card.png,0,0,0,missing_image,"[""missing_image""]",2026-05-17T22:38:11+00:00
female_085__silhouette_card__v001,female_085,female,silhouette_card,missing,visual_qa_blocked,C:/Users/Mickey/StudioProjects/dating-app-ai_profile_image/ai_image/raw/female_085__silhouette_card__v001__attempt01.png,C:/Users/Mickey/StudioProjects/dating-app-ai_profile_image/ai_image/female/085/silhouette_card.png,0,0,0,missing_image,"[""missing_image""]",2026-05-17T22:38:11+00:00
female_086__silhouette_card__v001,female_086,female,silhouette_card,missing,visual_qa_blocked,C:/Users/Mickey/StudioProjects/dating-app-ai_profile_image/ai_image/raw/female_086__silhouette_card__v001__attempt01.png,C:/Users/Mickey/StudioProjects/dating-app-ai_profile_image/ai_image/female/086/silhouette_card.png,0,0,0,missing_image,"[""missing_image""]",2026-05-17T22:38:11+00:00
female_087__silhouette_card__v001,female_087,female,silhouette_card,missing,visual_qa_blocked,C:/Users/Mickey/StudioProjects/dating-app-ai_profile_image/ai_image/raw/female_087__silhouette_card__v001__attempt01.png,C:/Users/Mickey/StudioProjects/dating-app-ai_profile_image/ai_image/female/087/silhouette_card.png,0,0,0,missing_image,"[""missing_image""]",2026-05-17T22:38:11+00:00
female_088__silhouette_card__v001,female_088,female,silhouette_card,missing,visual_qa_blocked,C:/Users/Mickey/StudioProjects/dating-app-ai_profile_image/ai_image/raw/female_088__silhouette_card__v001__attempt01.png,C:/Users/Mickey/StudioProjects/dating-app-ai_profile_image/ai_image/female/088/silhouette_card.png,0,0,0,missing_image,"[""missing_image""]",2026-05-17T22:38:11+00:00
female_089__silhouette_card__v001,female_089,female,silhouette_card,missing,visual_qa_blocked,C:/Users/Mickey/StudioProjects/dating-app-ai_profile_image/ai_image/raw/female_089__silhouette_card__v001__attempt01.png,C:/Users/Mickey/StudioProjects/dating-app-ai_profile_image/ai_image/female/089/silhouette_card.png,0,0,0,missing_image,"[""missing_image""]",2026-05-17T22:38:11+00:00
female_090__silhouette_card__v001,female_090,female,silhouette_card,missing,visual_qa_blocked,C:/Users/Mickey/StudioProjects/dating-app-ai_profile_image/ai_image/raw/female_090__silhouette_card__v001__attempt01.png,C:/Users/Mickey/StudioProjects/dating-app-ai_profile_image/ai_image/female/090/silhouette_card.png,0,0,0,missing_image,"[""missing_image""]",2026-05-17T22:38:11+00:00
female_091__silhouette_card__v001,female_091,female,silhouette_card,missing,visual_qa_blocked,C:/Users/Mickey/StudioProjects/dating-app-ai_profile_image/ai_image/raw/female_091__silhouette_card__v001__attempt01.png,C:/Users/Mickey/StudioProjects/dating-app-ai_profile_image/ai_image/female/091/silhouette_card.png,0,0,0,missing_image,"[""missing_image""]",2026-05-17T22:38:11+00:00
female_092__silhouette_card__v001,female_092,female,silhouette_card,missing,visual_qa_blocked,C:/Users/Mickey/StudioProjects/dating-app-ai_profile_image/ai_image/raw/female_092__silhouette_card__v001__attempt01.png,C:/Users/Mickey/StudioProjects/dating-app-ai_profile_image/ai_image/female/092/silhouette_card.png,0,0,0,missing_image,"[""missing_image""]",2026-05-17T22:38:11+00:00
female_093__silhouette_card__v001,female_093,female,silhouette_card,missing,visual_qa_blocked,C:/Users/Mickey/StudioProjects/dating-app-ai_profile_image/ai_image/raw/female_093__silhouette_card__v001__attempt01.png,C:/Users/Mickey/StudioProjects/dating-app-ai_profile_image/ai_image/female/093/silhouette_card.png,0,0,0,missing_image,"[""missing_image""]",2026-05-17T22:38:11+00:00
female_094__silhouette_card__v001,female_094,female,silhouette_card,missing,visual_qa_blocked,C:/Users/Mickey/StudioProjects/dating-app-ai_profile_image/ai_image/raw/female_094__silhouette_card__v001__attempt01.png,C:/Users/Mickey/StudioProjects/dating-app-ai_profile_image/ai_image/female/094/silhouette_card.png,0,0,0,missing_image,"[""missing_image""]",2026-05-17T22:38:11+00:00
female_095__silhouette_card__v001,female_095,female,silhouette_card,missing,visual_qa_blocked,C:/Users/Mickey/StudioProjects/dating-app-ai_profile_image/ai_image/raw/female_095__silhouette_card__v001__attempt01.png,C:/Users/Mickey/StudioProjects/dating-app-ai_profile_image/ai_image/female/095/silhouette_card.png,0,0,0,missing_image,"[""missing_image""]",2026-05-17T22:38:11+00:00
female_096__silhouette_card__v001,female_096,female,silhouette_card,missing,visual_qa_blocked,C:/Users/Mickey/StudioProjects/dating-app-ai_profile_image/ai_image/raw/female_096__silhouette_card__v001__attempt01.png,C:/Users/Mickey/StudioProjects/dating-app-ai_profile_image/ai_image/female/096/silhouette_card.png,0,0,0,missing_image,"[""missing_image""]",2026-05-17T22:38:11+00:00
female_097__silhouette_card__v001,female_097,female,silhouette_card,missing,visual_qa_blocked,C:/Users/Mickey/StudioProjects/dating-app-ai_profile_image/ai_image/raw/female_097__silhouette_card__v001__attempt01.png,C:/Users/Mickey/StudioProjects/dating-app-ai_profile_image/ai_image/female/097/silhouette_card.png,0,0,0,missing_image,"[""missing_image""]",2026-05-17T22:38:11+00:00
female_098__silhouette_card__v001,female_098,female,silhouette_card,missing,visual_qa_blocked,C:/Users/Mickey/StudioProjects/dating-app-ai_profile_image/ai_image/raw/female_098__silhouette_card__v001__attempt01.png,C:/Users/Mickey/StudioProjects/dating-app-ai_profile_image/ai_image/female/098/silhouette_card.png,0,0,0,missing_image,"[""missing_image""]",2026-05-17T22:38:11+00:00
female_099__silhouette_card__v001,female_099,female,silhouette_card,missing,visual_qa_blocked,C:/Users/Mickey/StudioProjects/dating-app-ai_profile_image/ai_image/raw/female_099__silhouette_card__v001__attempt01.png,C:/Users/Mickey/StudioProjects/dating-app-ai_profile_image/ai_image/female/099/silhouette_card.png,0,0,0,missing_image,"[""missing_image""]",2026-05-17T22:38:11+00:00
female_100__silhouette_card__v001,female_100,female,silhouette_card,missing,visual_qa_blocked,C:/Users/Mickey/StudioProjects/dating-app-ai_profile_image/ai_image/raw/female_100__silhouette_card__v001__attempt01.png,C:/Users/Mickey/StudioProjects/dating-app-ai_profile_image/ai_image/female/100/silhouette_card.png,0,0,0,missing_image,"[""missing_image""]",2026-05-17T22:38:11+00:00
female_101__silhouette_card__v001,female_101,female,silhouette_card,missing,visual_qa_blocked,C:/Users/Mickey/StudioProjects/dating-app-ai_profile_image/ai_image/raw/female_101__silhouette_card__v001__attempt01.png,C:/Users/Mickey/StudioProjects/dating-app-ai_profile_image/ai_image/female/101/silhouette_card.png,0,0,0,missing_image,"[""missing_image""]",2026-05-17T22:38:11+00:00
female_102__silhouette_card__v001,female_102,female,silhouette_card,missing,visual_qa_blocked,C:/Users/Mickey/StudioProjects/dating-app-ai_profile_image/ai_image/raw/female_102__silhouette_card__v001__attempt01.png,C:/Users/Mickey/StudioProjects/dating-app-ai_profile_image/ai_image/female/102/silhouette_card.png,0,0,0,missing_image,"[""missing_image""]",2026-05-17T22:38:11+00:00
female_103__silhouette_card__v001,female_103,female,silhouette_card,missing,visual_qa_blocked,C:/Users/Mickey/StudioProjects/dating-app-ai_profile_image/ai_image/raw/female_103__silhouette_card__v001__attempt01.png,C:/Users/Mickey/StudioProjects/dating-app-ai_profile_image/ai_image/female/103/silhouette_card.png,0,0,0,missing_image,"[""missing_image""]",2026-05-17T22:38:11+00:00
female_104__silhouette_card__v001,female_104,female,silhouette_card,missing,visual_qa_blocked,C:/Users/Mickey/StudioProjects/dating-app-ai_profile_image/ai_image/raw/female_104__silhouette_card__v001__attempt01.png,C:/Users/Mickey/StudioProjects/dating-app-ai_profile_image/ai_image/female/104/silhouette_card.png,0,0,0,missing_image,"[""missing_image""]",2026-05-17T22:38:11+00:00
female_105__silhouette_card__v001,female_105,female,silhouette_card,missing,visual_qa_blocked,C:/Users/Mickey/StudioProjects/dating-app-ai_profile_image/ai_image/raw/female_105__silhouette_card__v001__attempt01.png,C:/Users/Mickey/StudioProjects/dating-app-ai_profile_image/ai_image/female/105/silhouette_card.png,0,0,0,missing_image,"[""missing_image""]",2026-05-17T22:38:11+00:00
female_106__silhouette_card__v001,female_106,female,silhouette_card,missing,visual_qa_blocked,C:/Users/Mickey/StudioProjects/dating-app-ai_profile_image/ai_image/raw/female_106__silhouette_card__v001__attempt01.png,C:/Users/Mickey/StudioProjects/dating-app-ai_profile_image/ai_image/female/106/silhouette_card.png,0,0,0,missing_image,"[""missing_image""]",2026-05-17T22:38:11+00:00
female_107__silhouette_card__v001,female_107,female,silhouette_card,missing,visual_qa_blocked,C:/Users/Mickey/StudioProjects/dating-app-ai_profile_image/ai_image/raw/female_107__silhouette_card__v001__attempt01.png,C:/Users/Mickey/StudioProjects/dating-app-ai_profile_image/ai_image/female/107/silhouette_card.png,0,0,0,missing_image,"[""missing_image""]",2026-05-17T22:38:11+00:00
female_108__silhouette_card__v001,female_108,female,silhouette_card,missing,visual_qa_blocked,C:/Users/Mickey/StudioProjects/dating-app-ai_profile_image/ai_image/raw/female_108__silhouette_card__v001__attempt01.png,C:/Users/Mickey/StudioProjects/dating-app-ai_profile_image/ai_image/female/108/silhouette_card.png,0,0,0,missing_image,"[""missing_image""]",2026-05-17T22:38:11+00:00
female_109__silhouette_card__v001,female_109,female,silhouette_card,missing,visual_qa_blocked,C:/Users/Mickey/StudioProjects/dating-app-ai_profile_image/ai_image/raw/female_109__silhouette_card__v001__attempt01.png,C:/Users/Mickey/StudioProjects/dating-app-ai_profile_image/ai_image/female/109/silhouette_card.png,0,0,0,missing_image,"[""missing_image""]",2026-05-17T22:38:11+00:00
female_110__silhouette_card__v001,female_110,female,silhouette_card,missing,visual_qa_blocked,C:/Users/Mickey/StudioProjects/dating-app-ai_profile_image/ai_image/raw/female_110__silhouette_card__v001__attempt01.png,C:/Users/Mickey/StudioProjects/dating-app-ai_profile_image/ai_image/female/110/silhouette_card.png,0,0,0,missing_image,"[""missing_image""]",2026-05-17T22:38:11+00:00
female_111__silhouette_card__v001,female_111,female,silhouette_card,missing,visual_qa_blocked,C:/Users/Mickey/StudioProjects/dating-app-ai_profile_image/ai_image/raw/female_111__silhouette_card__v001__attempt01.png,C:/Users/Mickey/StudioProjects/dating-app-ai_profile_image/ai_image/female/111/silhouette_card.png,0,0,0,missing_image,"[""missing_image""]",2026-05-17T22:38:11+00:00
female_112__silhouette_card__v001,female_112,female,silhouette_card,missing,visual_qa_blocked,C:/Users/Mickey/StudioProjects/dating-app-ai_profile_image/ai_image/raw/female_112__silhouette_card__v001__attempt01.png,C:/Users/Mickey/StudioProjects/dating-app-ai_profile_image/ai_image/female/112/silhouette_card.png,0,0,0,missing_image,"[""missing_image""]",2026-05-17T22:38:11+00:00
female_113__silhouette_card__v001,female_113,female,silhouette_card,missing,visual_qa_blocked,C:/Users/Mickey/StudioProjects/dating-app-ai_profile_image/ai_image/raw/female_113__silhouette_card__v001__attempt01.png,C:/Users/Mickey/StudioProjects/dating-app-ai_profile_image/ai_image/female/113/silhouette_card.png,0,0,0,missing_image,"[""missing_image""]",2026-05-17T22:38:11+00:00
female_114__silhouette_card__v001,female_114,female,silhouette_card,missing,visual_qa_blocked,C:/Users/Mickey/StudioProjects/dating-app-ai_profile_image/ai_image/raw/female_114__silhouette_card__v001__attempt01.png,C:/Users/Mickey/StudioProjects/dating-app-ai_profile_image/ai_image/female/114/silhouette_card.png,0,0,0,missing_image,"[""missing_image""]",2026-05-17T22:38:11+00:00
female_115__silhouette_card__v001,female_115,female,silhouette_card,missing,visual_qa_blocked,C:/Users/Mickey/StudioProjects/dating-app-ai_profile_image/ai_image/raw/female_115__silhouette_card__v001__attempt01.png,C:/Users/Mickey/StudioProjects/dating-app-ai_profile_image/ai_image/female/115/silhouette_card.png,0,0,0,missing_image,"[""missing_image""]",2026-05-17T22:38:11+00:00
female_116__silhouette_card__v001,female_116,female,silhouette_card,missing,visual_qa_blocked,C:/Users/Mickey/StudioProjects/dating-app-ai_profile_image/ai_image/raw/female_116__silhouette_card__v001__attempt01.png,C:/Users/Mickey/StudioProjects/dating-app-ai_profile_image/ai_image/female/116/silhouette_card.png,0,0,0,missing_image,"[""missing_image""]",2026-05-17T22:38:11+00:00
female_117__silhouette_card__v001,female_117,female,silhouette_card,missing,visual_qa_blocked,C:/Users/Mickey/StudioProjects/dating-app-ai_profile_image/ai_image/raw/female_117__silhouette_card__v001__attempt01.png,C:/Users/Mickey/StudioProjects/dating-app-ai_profile_image/ai_image/female/117/silhouette_card.png,0,0,0,missing_image,"[""missing_image""]",2026-05-17T22:38:11+00:00
female_118__silhouette_card__v001,female_118,female,silhouette_card,missing,visual_qa_blocked,C:/Users/Mickey/StudioProjects/dating-app-ai_profile_image/ai_image/raw/female_118__silhouette_card__v001__attempt01.png,C:/Users/Mickey/StudioProjects/dating-app-ai_profile_image/ai_image/female/118/silhouette_card.png,0,0,0,missing_image,"[""missing_image""]",2026-05-17T22:38:11+00:00
female_119__silhouette_card__v001,female_119,female,silhouette_card,missing,visual_qa_blocked,C:/Users/Mickey/StudioProjects/dating-app-ai_profile_image/ai_image/raw/female_119__silhouette_card__v001__attempt01.png,C:/Users/Mickey/StudioProjects/dating-app-ai_profile_image/ai_image/female/119/silhouette_card.png,0,0,0,missing_image,"[""missing_image""]",2026-05-17T22:38:11+00:00
female_120__silhouette_card__v001,female_120,female,silhouette_card,missing,visual_qa_blocked,C:/Users/Mickey/StudioProjects/dating-app-ai_profile_image/ai_image/raw/female_120__silhouette_card__v001__attempt01.png,C:/Users/Mickey/StudioProjects/dating-app-ai_profile_image/ai_image/female/120/silhouette_card.png,0,0,0,missing_image,"[""missing_image""]",2026-05-17T22:38:11+00:00
female_121__silhouette_card__v001,female_121,female,silhouette_card,missing,visual_qa_blocked,C:/Users/Mickey/StudioProjects/dating-app-ai_profile_image/ai_image/raw/female_121__silhouette_card__v001__attempt01.png,C:/Users/Mickey/StudioProjects/dating-app-ai_profile_image/ai_image/female/121/silhouette_card.png,0,0,0,missing_image,"[""missing_image""]",2026-05-17T22:38:11+00:00
female_122__silhouette_card__v001,female_122,female,silhouette_card,missing,visual_qa_blocked,C:/Users/Mickey/StudioProjects/dating-app-ai_profile_image/ai_image/raw/female_122__silhouette_card__v001__attempt01.png,C:/Users/Mickey/StudioProjects/dating-app-ai_profile_image/ai_image/female/122/silhouette_card.png,0,0,0,missing_image,"[""missing_image""]",2026-05-17T22:38:11+00:00
female_123__silhouette_card__v001,female_123,female,silhouette_card,missing,visual_qa_blocked,C:/Users/Mickey/StudioProjects/dating-app-ai_profile_image/ai_image/raw/female_123__silhouette_card__v001__attempt01.png,C:/Users/Mickey/StudioProjects/dating-app-ai_profile_image/ai_image/female/123/silhouette_card.png,0,0,0,missing_image,"[""missing_image""]",2026-05-17T22:38:11+00:00
female_124__silhouette_card__v001,female_124,female,silhouette_card,missing,visual_qa_blocked,C:/Users/Mickey/StudioProjects/dating-app-ai_profile_image/ai_image/raw/female_124__silhouette_card__v001__attempt01.png,C:/Users/Mickey/StudioProjects/dating-app-ai_profile_image/ai_image/female/124/silhouette_card.png,0,0,0,missing_image,"[""missing_image""]",2026-05-17T22:38:11+00:00
female_125__silhouette_card__v001,female_125,female,silhouette_card,missing,visual_qa_blocked,C:/Users/Mickey/StudioProjects/dating-app-ai_profile_image/ai_image/raw/female_125__silhouette_card__v001__attempt01.png,C:/Users/Mickey/StudioProjects/dating-app-ai_profile_image/ai_image/female/125/silhouette_card.png,0,0,0,missing_image,"[""missing_image""]",2026-05-17T22:38:11+00:00
female_126__silhouette_card__v001,female_126,female,silhouette_card,missing,visual_qa_blocked,C:/Users/Mickey/StudioProjects/dating-app-ai_profile_image/ai_image/raw/female_126__silhouette_card__v001__attempt01.png,C:/Users/Mickey/StudioProjects/dating-app-ai_profile_image/ai_image/female/126/silhouette_card.png,0,0,0,missing_image,"[""missing_image""]",2026-05-17T22:38:11+00:00
female_127__silhouette_card__v001,female_127,female,silhouette_card,missing,visual_qa_blocked,C:/Users/Mickey/StudioProjects/dating-app-ai_profile_image/ai_image/raw/female_127__silhouette_card__v001__attempt01.png,C:/Users/Mickey/StudioProjects/dating-app-ai_profile_image/ai_image/female/127/silhouette_card.png,0,0,0,missing_image,"[""missing_image""]",2026-05-17T22:38:11+00:00
female_128__silhouette_card__v001,female_128,female,silhouette_card,missing,visual_qa_blocked,C:/Users/Mickey/StudioProjects/dating-app-ai_profile_image/ai_image/raw/female_128__silhouette_card__v001__attempt01.png,C:/Users/Mickey/StudioProjects/dating-app-ai_profile_image/ai_image/female/128/silhouette_card.png,0,0,0,missing_image,"[""missing_image""]",2026-05-17T22:38:11+00:00
female_129__silhouette_card__v001,female_129,female,silhouette_card,missing,visual_qa_blocked,C:/Users/Mickey/StudioProjects/dating-app-ai_profile_image/ai_image/raw/female_129__silhouette_card__v001__attempt01.png,C:/Users/Mickey/StudioProjects/dating-app-ai_profile_image/ai_image/female/129/silhouette_card.png,0,0,0,missing_image,"[""missing_image""]",2026-05-17T22:38:11+00:00
female_130__silhouette_card__v001,female_130,female,silhouette_card,missing,visual_qa_blocked,C:/Users/Mickey/StudioProjects/dating-app-ai_profile_image/ai_image/raw/female_130__silhouette_card__v001__attempt01.png,C:/Users/Mickey/StudioProjects/dating-app-ai_profile_image/ai_image/female/130/silhouette_card.png,0,0,0,missing_image,"[""missing_image""]",2026-05-17T22:38:11+00:00
female_131__silhouette_card__v001,female_131,female,silhouette_card,missing,visual_qa_blocked,C:/Users/Mickey/StudioProjects/dating-app-ai_profile_image/ai_image/raw/female_131__silhouette_card__v001__attempt01.png,C:/Users/Mickey/StudioProjects/dating-app-ai_profile_image/ai_image/female/131/silhouette_card.png,0,0,0,missing_image,"[""missing_image""]",2026-05-17T22:38:11+00:00
female_132__silhouette_card__v001,female_132,female,silhouette_card,missing,visual_qa_blocked,C:/Users/Mickey/StudioProjects/dating-app-ai_profile_image/ai_image/raw/female_132__silhouette_card__v001__attempt01.png,C:/Users/Mickey/StudioProjects/dating-app-ai_profile_image/ai_image/female/132/silhouette_card.png,0,0,0,missing_image,"[""missing_image""]",2026-05-17T22:38:11+00:00
female_133__silhouette_card__v001,female_133,female,silhouette_card,missing,visual_qa_blocked,C:/Users/Mickey/StudioProjects/dating-app-ai_profile_image/ai_image/raw/female_133__silhouette_card__v001__attempt01.png,C:/Users/Mickey/StudioProjects/dating-app-ai_profile_image/ai_image/female/133/silhouette_card.png,0,0,0,missing_image,"[""missing_image""]",2026-05-17T22:38:11+00:00
female_134__silhouette_card__v001,female_134,female,silhouette_card,missing,visual_qa_blocked,C:/Users/Mickey/StudioProjects/dating-app-ai_profile_image/ai_image/raw/female_134__silhouette_card__v001__attempt01.png,C:/Users/Mickey/StudioProjects/dating-app-ai_profile_image/ai_image/female/134/silhouette_card.png,0,0,0,missing_image,"[""missing_image""]",2026-05-17T22:38:11+00:00
female_135__silhouette_card__v001,female_135,female,silhouette_card,missing,visual_qa_blocked,C:/Users/Mickey/StudioProjects/dating-app-ai_profile_image/ai_image/raw/female_135__silhouette_card__v001__attempt01.png,C:/Users/Mickey/StudioProjects/dating-app-ai_profile_image/ai_image/female/135/silhouette_card.png,0,0,0,missing_image,"[""missing_image""]",2026-05-17T22:38:11+00:00
female_136__silhouette_card__v001,female_136,female,silhouette_card,missing,visual_qa_blocked,C:/Users/Mickey/StudioProjects/dating-app-ai_profile_image/ai_image/raw/female_136__silhouette_card__v001__attempt01.png,C:/Users/Mickey/StudioProjects/dating-app-ai_profile_image/ai_image/female/136/silhouette_card.png,0,0,0,missing_image,"[""missing_image""]",2026-05-17T22:38:11+00:00
female_137__silhouette_card__v001,female_137,female,silhouette_card,missing,visual_qa_blocked,C:/Users/Mickey/StudioProjects/dating-app-ai_profile_image/ai_image/raw/female_137__silhouette_card__v001__attempt01.png,C:/Users/Mickey/StudioProjects/dating-app-ai_profile_image/ai_image/female/137/silhouette_card.png,0,0,0,missing_image,"[""missing_image""]",2026-05-17T22:38:11+00:00
female_138__silhouette_card__v001,female_138,female,silhouette_card,missing,visual_qa_blocked,C:/Users/Mickey/StudioProjects/dating-app-ai_profile_image/ai_image/raw/female_138__silhouette_card__v001__attempt01.png,C:/Users/Mickey/StudioProjects/dating-app-ai_profile_image/ai_image/female/138/silhouette_card.png,0,0,0,missing_image,"[""missing_image""]",2026-05-17T22:38:11+00:00
female_139__silhouette_card__v001,female_139,female,silhouette_card,missing,visual_qa_blocked,C:/Users/Mickey/StudioProjects/dating-app-ai_profile_image/ai_image/raw/female_139__silhouette_card__v001__attempt01.png,C:/Users/Mickey/StudioProjects/dating-app-ai_profile_image/ai_image/female/139/silhouette_card.png,0,0,0,missing_image,"[""missing_image""]",2026-05-17T22:38:11+00:00
female_140__silhouette_card__v001,female_140,female,silhouette_card,missing,visual_qa_blocked,C:/Users/Mickey/StudioProjects/dating-app-ai_profile_image/ai_image/raw/female_140__silhouette_card__v001__attempt01.png,C:/Users/Mickey/StudioProjects/dating-app-ai_profile_image/ai_image/female/140/silhouette_card.png,0,0,0,missing_image,"[""missing_image""]",2026-05-17T22:38:11+00:00
male_001__silhouette_card__v001,male_001,male,silhouette_card,missing,visual_qa_blocked,C:/Users/Mickey/StudioProjects/dating-app-ai_profile_image/ai_image/raw/male_001__silhouette_card__v001__attempt01.png,C:/Users/Mickey/StudioProjects/dating-app-ai_profile_image/ai_image/male/001/silhouette_card.png,0,0,0,missing_image,"[""missing_image""]",2026-05-17T22:38:11+00:00
male_002__silhouette_card__v001,male_002,male,silhouette_card,missing,visual_qa_blocked,C:/Users/Mickey/StudioProjects/dating-app-ai_profile_image/ai_image/raw/male_002__silhouette_card__v001__attempt01.png,C:/Users/Mickey/StudioProjects/dating-app-ai_profile_image/ai_image/male/002/silhouette_card.png,0,0,0,missing_image,"[""missing_image""]",2026-05-17T22:38:11+00:00
male_003__silhouette_card__v001,male_003,male,silhouette_card,missing,visual_qa_blocked,C:/Users/Mickey/StudioProjects/dating-app-ai_profile_image/ai_image/raw/male_003__silhouette_card__v001__attempt01.png,C:/Users/Mickey/StudioProjects/dating-app-ai_profile_image/ai_image/male/003/silhouette_card.png,0,0,0,missing_image,"[""missing_image""]",2026-05-17T22:38:11+00:00
male_004__silhouette_card__v001,male_004,male,silhouette_card,missing,visual_qa_blocked,C:/Users/Mickey/StudioProjects/dating-app-ai_profile_image/ai_image/raw/male_004__silhouette_card__v001__attempt01.png,C:/Users/Mickey/StudioProjects/dating-app-ai_profile_image/ai_image/male/004/silhouette_card.png,0,0,0,missing_image,"[""missing_image""]",2026-05-17T22:38:11+00:00
male_005__silhouette_card__v001,male_005,male,silhouette_card,missing,visual_qa_blocked,C:/Users/Mickey/StudioProjects/dating-app-ai_profile_image/ai_image/raw/male_005__silhouette_card__v001__attempt01.png,C:/Users/Mickey/StudioProjects/dating-app-ai_profile_image/ai_image/male/005/silhouette_card.png,0,0,0,missing_image,"[""missing_image""]",2026-05-17T22:38:11+00:00
male_006__silhouette_card__v001,male_006,male,silhouette_card,missing,visual_qa_blocked,C:/Users/Mickey/StudioProjects/dating-app-ai_profile_image/ai_image/raw/male_006__silhouette_card__v001__attempt01.png,C:/Users/Mickey/StudioProjects/dating-app-ai_profile_image/ai_image/male/006/silhouette_card.png,0,0,0,missing_image,"[""missing_image""]",2026-05-17T22:38:11+00:00
male_007__silhouette_card__v001,male_007,male,silhouette_card,missing,visual_qa_blocked,C:/Users/Mickey/StudioProjects/dating-app-ai_profile_image/ai_image/raw/male_007__silhouette_card__v001__attempt01.png,C:/Users/Mickey/StudioProjects/dating-app-ai_profile_image/ai_image/male/007/silhouette_card.png,0,0,0,missing_image,"[""missing_image""]",2026-05-17T22:38:11+00:00
male_008__silhouette_card__v001,male_008,male,silhouette_card,missing,visual_qa_blocked,C:/Users/Mickey/StudioProjects/dating-app-ai_profile_image/ai_image/raw/male_008__silhouette_card__v001__attempt01.png,C:/Users/Mickey/StudioProjects/dating-app-ai_profile_image/ai_image/male/008/silhouette_card.png,0,0,0,missing_image,"[""missing_image""]",2026-05-17T22:38:11+00:00
male_009__silhouette_card__v001,male_009,male,silhouette_card,missing,visual_qa_blocked,C:/Users/Mickey/StudioProjects/dating-app-ai_profile_image/ai_image/raw/male_009__silhouette_card__v001__attempt01.png,C:/Users/Mickey/StudioProjects/dating-app-ai_profile_image/ai_image/male/009/silhouette_card.png,0,0,0,missing_image,"[""missing_image""]",2026-05-17T22:38:11+00:00
male_010__silhouette_card__v001,male_010,male,silhouette_card,missing,visual_qa_blocked,C:/Users/Mickey/StudioProjects/dating-app-ai_profile_image/ai_image/raw/male_010__silhouette_card__v001__attempt01.png,C:/Users/Mickey/StudioProjects/dating-app-ai_profile_image/ai_image/male/010/silhouette_card.png,0,0,0,missing_image,"[""missing_image""]",2026-05-17T22:38:11+00:00
male_011__silhouette_card__v001,male_011,male,silhouette_card,missing,visual_qa_blocked,C:/Users/Mickey/StudioProjects/dating-app-ai_profile_image/ai_image/raw/male_011__silhouette_card__v001__attempt01.png,C:/Users/Mickey/StudioProjects/dating-app-ai_profile_image/ai_image/male/011/silhouette_card.png,0,0,0,missing_image,"[""missing_image""]",2026-05-17T22:38:11+00:00
male_012__silhouette_card__v001,male_012,male,silhouette_card,missing,visual_qa_blocked,C:/Users/Mickey/StudioProjects/dating-app-ai_profile_image/ai_image/raw/male_012__silhouette_card__v001__attempt01.png,C:/Users/Mickey/StudioProjects/dating-app-ai_profile_image/ai_image/male/012/silhouette_card.png,0,0,0,missing_image,"[""missing_image""]",2026-05-17T22:38:11+00:00
male_013__silhouette_card__v001,male_013,male,silhouette_card,missing,visual_qa_blocked,C:/Users/Mickey/StudioProjects/dating-app-ai_profile_image/ai_image/raw/male_013__silhouette_card__v001__attempt01.png,C:/Users/Mickey/StudioProjects/dating-app-ai_profile_image/ai_image/male/013/silhouette_card.png,0,0,0,missing_image,"[""missing_image""]",2026-05-17T22:38:11+00:00
male_014__silhouette_card__v001,male_014,male,silhouette_card,missing,visual_qa_blocked,C:/Users/Mickey/StudioProjects/dating-app-ai_profile_image/ai_image/raw/male_014__silhouette_card__v001__attempt01.png,C:/Users/Mickey/StudioProjects/dating-app-ai_profile_image/ai_image/male/014/silhouette_card.png,0,0,0,missing_image,"[""missing_image""]",2026-05-17T22:38:11+00:00
male_015__silhouette_card__v001,male_015,male,silhouette_card,missing,visual_qa_blocked,C:/Users/Mickey/StudioProjects/dating-app-ai_profile_image/ai_image/raw/male_015__silhouette_card__v001__attempt01.png,C:/Users/Mickey/StudioProjects/dating-app-ai_profile_image/ai_image/male/015/silhouette_card.png,0,0,0,missing_image,"[""missing_image""]",2026-05-17T22:38:11+00:00
male_016__silhouette_card__v001,male_016,male,silhouette_card,missing,visual_qa_blocked,C:/Users/Mickey/StudioProjects/dating-app-ai_profile_image/ai_image/raw/male_016__silhouette_card__v001__attempt01.png,C:/Users/Mickey/StudioProjects/dating-app-ai_profile_image/ai_image/male/016/silhouette_card.png,0,0,0,missing_image,"[""missing_image""]",2026-05-17T22:38:11+00:00
male_017__silhouette_card__v001,male_017,male,silhouette_card,missing,visual_qa_blocked,C:/Users/Mickey/StudioProjects/dating-app-ai_profile_image/ai_image/raw/male_017__silhouette_card__v001__attempt01.png,C:/Users/Mickey/StudioProjects/dating-app-ai_profile_image/ai_image/male/017/silhouette_card.png,0,0,0,missing_image,"[""missing_image""]",2026-05-17T22:38:11+00:00
male_018__silhouette_card__v001,male_018,male,silhouette_card,missing,visual_qa_blocked,C:/Users/Mickey/StudioProjects/dating-app-ai_profile_image/ai_image/raw/male_018__silhouette_card__v001__attempt01.png,C:/Users/Mickey/StudioProjects/dating-app-ai_profile_image/ai_image/male/018/silhouette_card.png,0,0,0,missing_image,"[""missing_image""]",2026-05-17T22:38:11+00:00
male_019__silhouette_card__v001,male_019,male,silhouette_card,missing,visual_qa_blocked,C:/Users/Mickey/StudioProjects/dating-app-ai_profile_image/ai_image/raw/male_019__silhouette_card__v001__attempt01.png,C:/Users/Mickey/StudioProjects/dating-app-ai_profile_image/ai_image/male/019/silhouette_card.png,0,0,0,missing_image,"[""missing_image""]",2026-05-17T22:38:11+00:00
male_020__silhouette_card__v001,male_020,male,silhouette_card,missing,visual_qa_blocked,C:/Users/Mickey/StudioProjects/dating-app-ai_profile_image/ai_image/raw/male_020__silhouette_card__v001__attempt01.png,C:/Users/Mickey/StudioProjects/dating-app-ai_profile_image/ai_image/male/020/silhouette_card.png,0,0,0,missing_image,"[""missing_image""]",2026-05-17T22:38:11+00:00
male_021__silhouette_card__v001,male_021,male,silhouette_card,missing,visual_qa_blocked,C:/Users/Mickey/StudioProjects/dating-app-ai_profile_image/ai_image/raw/male_021__silhouette_card__v001__attempt01.png,C:/Users/Mickey/StudioProjects/dating-app-ai_profile_image/ai_image/male/021/silhouette_card.png,0,0,0,missing_image,"[""missing_image""]",2026-05-17T22:38:11+00:00
male_022__silhouette_card__v001,male_022,male,silhouette_card,missing,visual_qa_blocked,C:/Users/Mickey/StudioProjects/dating-app-ai_profile_image/ai_image/raw/male_022__silhouette_card__v001__attempt01.png,C:/Users/Mickey/StudioProjects/dating-app-ai_profile_image/ai_image/male/022/silhouette_card.png,0,0,0,missing_image,"[""missing_image""]",2026-05-17T22:38:11+00:00
male_023__silhouette_card__v001,male_023,male,silhouette_card,missing,visual_qa_blocked,C:/Users/Mickey/StudioProjects/dating-app-ai_profile_image/ai_image/raw/male_023__silhouette_card__v001__attempt01.png,C:/Users/Mickey/StudioProjects/dating-app-ai_profile_image/ai_image/male/023/silhouette_card.png,0,0,0,missing_image,"[""missing_image""]",2026-05-17T22:38:11+00:00
male_024__silhouette_card__v001,male_024,male,silhouette_card,missing,visual_qa_blocked,C:/Users/Mickey/StudioProjects/dating-app-ai_profile_image/ai_image/raw/male_024__silhouette_card__v001__attempt01.png,C:/Users/Mickey/StudioProjects/dating-app-ai_profile_image/ai_image/male/024/silhouette_card.png,0,0,0,missing_image,"[""missing_image""]",2026-05-17T22:38:11+00:00
male_025__silhouette_card__v001,male_025,male,silhouette_card,missing,visual_qa_blocked,C:/Users/Mickey/StudioProjects/dating-app-ai_profile_image/ai_image/raw/male_025__silhouette_card__v001__attempt01.png,C:/Users/Mickey/StudioProjects/dating-app-ai_profile_image/ai_image/male/025/silhouette_card.png,0,0,0,missing_image,"[""missing_image""]",2026-05-17T22:38:11+00:00
male_026__silhouette_card__v001,male_026,male,silhouette_card,missing,visual_qa_blocked,C:/Users/Mickey/StudioProjects/dating-app-ai_profile_image/ai_image/raw/male_026__silhouette_card__v001__attempt01.png,C:/Users/Mickey/StudioProjects/dating-app-ai_profile_image/ai_image/male/026/silhouette_card.png,0,0,0,missing_image,"[""missing_image""]",2026-05-17T22:38:11+00:00
male_027__silhouette_card__v001,male_027,male,silhouette_card,missing,visual_qa_blocked,C:/Users/Mickey/StudioProjects/dating-app-ai_profile_image/ai_image/raw/male_027__silhouette_card__v001__attempt01.png,C:/Users/Mickey/StudioProjects/dating-app-ai_profile_image/ai_image/male/027/silhouette_card.png,0,0,0,missing_image,"[""missing_image""]",2026-05-17T22:38:11+00:00
male_028__silhouette_card__v001,male_028,male,silhouette_card,missing,visual_qa_blocked,C:/Users/Mickey/StudioProjects/dating-app-ai_profile_image/ai_image/raw/male_028__silhouette_card__v001__attempt01.png,C:/Users/Mickey/StudioProjects/dating-app-ai_profile_image/ai_image/male/028/silhouette_card.png,0,0,0,missing_image,"[""missing_image""]",2026-05-17T22:38:11+00:00
male_029__silhouette_card__v001,male_029,male,silhouette_card,missing,visual_qa_blocked,C:/Users/Mickey/StudioProjects/dating-app-ai_profile_image/ai_image/raw/male_029__silhouette_card__v001__attempt01.png,C:/Users/Mickey/StudioProjects/dating-app-ai_profile_image/ai_image/male/029/silhouette_card.png,0,0,0,missing_image,"[""missing_image""]",2026-05-17T22:38:11+00:00
male_030__silhouette_card__v001,male_030,male,silhouette_card,missing,visual_qa_blocked,C:/Users/Mickey/StudioProjects/dating-app-ai_profile_image/ai_image/raw/male_030__silhouette_card__v001__attempt01.png,C:/Users/Mickey/StudioProjects/dating-app-ai_profile_image/ai_image/male/030/silhouette_card.png,0,0,0,missing_image,"[""missing_image""]",2026-05-17T22:38:11+00:00
male_031__silhouette_card__v001,male_031,male,silhouette_card,missing,visual_qa_blocked,C:/Users/Mickey/StudioProjects/dating-app-ai_profile_image/ai_image/raw/male_031__silhouette_card__v001__attempt01.png,C:/Users/Mickey/StudioProjects/dating-app-ai_profile_image/ai_image/male/031/silhouette_card.png,0,0,0,missing_image,"[""missing_image""]",2026-05-17T22:38:11+00:00
male_032__silhouette_card__v001,male_032,male,silhouette_card,missing,visual_qa_blocked,C:/Users/Mickey/StudioProjects/dating-app-ai_profile_image/ai_image/raw/male_032__silhouette_card__v001__attempt01.png,C:/Users/Mickey/StudioProjects/dating-app-ai_profile_image/ai_image/male/032/silhouette_card.png,0,0,0,missing_image,"[""missing_image""]",2026-05-17T22:38:11+00:00
male_033__silhouette_card__v001,male_033,male,silhouette_card,missing,visual_qa_blocked,C:/Users/Mickey/StudioProjects/dating-app-ai_profile_image/ai_image/raw/male_033__silhouette_card__v001__attempt01.png,C:/Users/Mickey/StudioProjects/dating-app-ai_profile_image/ai_image/male/033/silhouette_card.png,0,0,0,missing_image,"[""missing_image""]",2026-05-17T22:38:11+00:00
male_034__silhouette_card__v001,male_034,male,silhouette_card,missing,visual_qa_blocked,C:/Users/Mickey/StudioProjects/dating-app-ai_profile_image/ai_image/raw/male_034__silhouette_card__v001__attempt01.png,C:/Users/Mickey/StudioProjects/dating-app-ai_profile_image/ai_image/male/034/silhouette_card.png,0,0,0,missing_image,"[""missing_image""]",2026-05-17T22:38:11+00:00
male_035__silhouette_card__v001,male_035,male,silhouette_card,missing,visual_qa_blocked,C:/Users/Mickey/StudioProjects/dating-app-ai_profile_image/ai_image/raw/male_035__silhouette_card__v001__attempt01.png,C:/Users/Mickey/StudioProjects/dating-app-ai_profile_image/ai_image/male/035/silhouette_card.png,0,0,0,missing_image,"[""missing_image""]",2026-05-17T22:38:11+00:00
male_036__silhouette_card__v001,male_036,male,silhouette_card,missing,visual_qa_blocked,C:/Users/Mickey/StudioProjects/dating-app-ai_profile_image/ai_image/raw/male_036__silhouette_card__v001__attempt01.png,C:/Users/Mickey/StudioProjects/dating-app-ai_profile_image/ai_image/male/036/silhouette_card.png,0,0,0,missing_image,"[""missing_image""]",2026-05-17T22:38:11+00:00
male_037__silhouette_card__v001,male_037,male,silhouette_card,missing,visual_qa_blocked,C:/Users/Mickey/StudioProjects/dating-app-ai_profile_image/ai_image/raw/male_037__silhouette_card__v001__attempt01.png,C:/Users/Mickey/StudioProjects/dating-app-ai_profile_image/ai_image/male/037/silhouette_card.png,0,0,0,missing_image,"[""missing_image""]",2026-05-17T22:38:11+00:00
male_038__silhouette_card__v001,male_038,male,silhouette_card,missing,visual_qa_blocked,C:/Users/Mickey/StudioProjects/dating-app-ai_profile_image/ai_image/raw/male_038__silhouette_card__v001__attempt01.png,C:/Users/Mickey/StudioProjects/dating-app-ai_profile_image/ai_image/male/038/silhouette_card.png,0,0,0,missing_image,"[""missing_image""]",2026-05-17T22:38:11+00:00
male_039__silhouette_card__v001,male_039,male,silhouette_card,missing,visual_qa_blocked,C:/Users/Mickey/StudioProjects/dating-app-ai_profile_image/ai_image/raw/male_039__silhouette_card__v001__attempt01.png,C:/Users/Mickey/StudioProjects/dating-app-ai_profile_image/ai_image/male/039/silhouette_card.png,0,0,0,missing_image,"[""missing_image""]",2026-05-17T22:38:11+00:00
male_040__silhouette_card__v001,male_040,male,silhouette_card,missing,visual_qa_blocked,C:/Users/Mickey/StudioProjects/dating-app-ai_profile_image/ai_image/raw/male_040__silhouette_card__v001__attempt01.png,C:/Users/Mickey/StudioProjects/dating-app-ai_profile_image/ai_image/male/040/silhouette_card.png,0,0,0,missing_image,"[""missing_image""]",2026-05-17T22:38:11+00:00
male_041__silhouette_card__v001,male_041,male,silhouette_card,missing,visual_qa_blocked,C:/Users/Mickey/StudioProjects/dating-app-ai_profile_image/ai_image/raw/male_041__silhouette_card__v001__attempt01.png,C:/Users/Mickey/StudioProjects/dating-app-ai_profile_image/ai_image/male/041/silhouette_card.png,0,0,0,missing_image,"[""missing_image""]",2026-05-17T22:38:12+00:00
male_042__silhouette_card__v001,male_042,male,silhouette_card,missing,visual_qa_blocked,C:/Users/Mickey/StudioProjects/dating-app-ai_profile_image/ai_image/raw/male_042__silhouette_card__v001__attempt01.png,C:/Users/Mickey/StudioProjects/dating-app-ai_profile_image/ai_image/male/042/silhouette_card.png,0,0,0,missing_image,"[""missing_image""]",2026-05-17T22:38:12+00:00
male_043__silhouette_card__v001,male_043,male,silhouette_card,missing,visual_qa_blocked,C:/Users/Mickey/StudioProjects/dating-app-ai_profile_image/ai_image/raw/male_043__silhouette_card__v001__attempt01.png,C:/Users/Mickey/StudioProjects/dating-app-ai_profile_image/ai_image/male/043/silhouette_card.png,0,0,0,missing_image,"[""missing_image""]",2026-05-17T22:38:12+00:00
male_044__silhouette_card__v001,male_044,male,silhouette_card,missing,visual_qa_blocked,C:/Users/Mickey/StudioProjects/dating-app-ai_profile_image/ai_image/raw/male_044__silhouette_card__v001__attempt01.png,C:/Users/Mickey/StudioProjects/dating-app-ai_profile_image/ai_image/male/044/silhouette_card.png,0,0,0,missing_image,"[""missing_image""]",2026-05-17T22:38:12+00:00
male_045__silhouette_card__v001,male_045,male,silhouette_card,missing,visual_qa_blocked,C:/Users/Mickey/StudioProjects/dating-app-ai_profile_image/ai_image/raw/male_045__silhouette_card__v001__attempt01.png,C:/Users/Mickey/StudioProjects/dating-app-ai_profile_image/ai_image/male/045/silhouette_card.png,0,0,0,missing_image,"[""missing_image""]",2026-05-17T22:38:12+00:00
male_046__silhouette_card__v001,male_046,male,silhouette_card,missing,visual_qa_blocked,C:/Users/Mickey/StudioProjects/dating-app-ai_profile_image/ai_image/raw/male_046__silhouette_card__v001__attempt01.png,C:/Users/Mickey/StudioProjects/dating-app-ai_profile_image/ai_image/male/046/silhouette_card.png,0,0,0,missing_image,"[""missing_image""]",2026-05-17T22:38:12+00:00
male_047__silhouette_card__v001,male_047,male,silhouette_card,missing,visual_qa_blocked,C:/Users/Mickey/StudioProjects/dating-app-ai_profile_image/ai_image/raw/male_047__silhouette_card__v001__attempt01.png,C:/Users/Mickey/StudioProjects/dating-app-ai_profile_image/ai_image/male/047/silhouette_card.png,0,0,0,missing_image,"[""missing_image""]",2026-05-17T22:38:12+00:00
male_048__silhouette_card__v001,male_048,male,silhouette_card,missing,visual_qa_blocked,C:/Users/Mickey/StudioProjects/dating-app-ai_profile_image/ai_image/raw/male_048__silhouette_card__v001__attempt01.png,C:/Users/Mickey/StudioProjects/dating-app-ai_profile_image/ai_image/male/048/silhouette_card.png,0,0,0,missing_image,"[""missing_image""]",2026-05-17T22:38:12+00:00
male_049__silhouette_card__v001,male_049,male,silhouette_card,missing,visual_qa_blocked,C:/Users/Mickey/StudioProjects/dating-app-ai_profile_image/ai_image/raw/male_049__silhouette_card__v001__attempt01.png,C:/Users/Mickey/StudioProjects/dating-app-ai_profile_image/ai_image/male/049/silhouette_card.png,0,0,0,missing_image,"[""missing_image""]",2026-05-17T22:38:12+00:00
male_050__silhouette_card__v001,male_050,male,silhouette_card,missing,visual_qa_blocked,C:/Users/Mickey/StudioProjects/dating-app-ai_profile_image/ai_image/raw/male_050__silhouette_card__v001__attempt01.png,C:/Users/Mickey/StudioProjects/dating-app-ai_profile_image/ai_image/male/050/silhouette_card.png,0,0,0,missing_image,"[""missing_image""]",2026-05-17T22:38:12+00:00
male_051__silhouette_card__v001,male_051,male,silhouette_card,missing,visual_qa_blocked,C:/Users/Mickey/StudioProjects/dating-app-ai_profile_image/ai_image/raw/male_051__silhouette_card__v001__attempt01.png,C:/Users/Mickey/StudioProjects/dating-app-ai_profile_image/ai_image/male/051/silhouette_card.png,0,0,0,missing_image,"[""missing_image""]",2026-05-17T22:38:12+00:00
male_052__silhouette_card__v001,male_052,male,silhouette_card,missing,visual_qa_blocked,C:/Users/Mickey/StudioProjects/dating-app-ai_profile_image/ai_image/raw/male_052__silhouette_card__v001__attempt01.png,C:/Users/Mickey/StudioProjects/dating-app-ai_profile_image/ai_image/male/052/silhouette_card.png,0,0,0,missing_image,"[""missing_image""]",2026-05-17T22:38:12+00:00
male_053__silhouette_card__v001,male_053,male,silhouette_card,missing,visual_qa_blocked,C:/Users/Mickey/StudioProjects/dating-app-ai_profile_image/ai_image/raw/male_053__silhouette_card__v001__attempt01.png,C:/Users/Mickey/StudioProjects/dating-app-ai_profile_image/ai_image/male/053/silhouette_card.png,0,0,0,missing_image,"[""missing_image""]",2026-05-17T22:38:12+00:00
male_054__silhouette_card__v001,male_054,male,silhouette_card,missing,visual_qa_blocked,C:/Users/Mickey/StudioProjects/dating-app-ai_profile_image/ai_image/raw/male_054__silhouette_card__v001__attempt01.png,C:/Users/Mickey/StudioProjects/dating-app-ai_profile_image/ai_image/male/054/silhouette_card.png,0,0,0,missing_image,"[""missing_image""]",2026-05-17T22:38:12+00:00
male_055__silhouette_card__v001,male_055,male,silhouette_card,missing,visual_qa_blocked,C:/Users/Mickey/StudioProjects/dating-app-ai_profile_image/ai_image/raw/male_055__silhouette_card__v001__attempt01.png,C:/Users/Mickey/StudioProjects/dating-app-ai_profile_image/ai_image/male/055/silhouette_card.png,0,0,0,missing_image,"[""missing_image""]",2026-05-17T22:38:12+00:00
male_056__silhouette_card__v001,male_056,male,silhouette_card,missing,visual_qa_blocked,C:/Users/Mickey/StudioProjects/dating-app-ai_profile_image/ai_image/raw/male_056__silhouette_card__v001__attempt01.png,C:/Users/Mickey/StudioProjects/dating-app-ai_profile_image/ai_image/male/056/silhouette_card.png,0,0,0,missing_image,"[""missing_image""]",2026-05-17T22:38:12+00:00
male_057__silhouette_card__v001,male_057,male,silhouette_card,missing,visual_qa_blocked,C:/Users/Mickey/StudioProjects/dating-app-ai_profile_image/ai_image/raw/male_057__silhouette_card__v001__attempt01.png,C:/Users/Mickey/StudioProjects/dating-app-ai_profile_image/ai_image/male/057/silhouette_card.png,0,0,0,missing_image,"[""missing_image""]",2026-05-17T22:38:12+00:00
male_058__silhouette_card__v001,male_058,male,silhouette_card,missing,visual_qa_blocked,C:/Users/Mickey/StudioProjects/dating-app-ai_profile_image/ai_image/raw/male_058__silhouette_card__v001__attempt01.png,C:/Users/Mickey/StudioProjects/dating-app-ai_profile_image/ai_image/male/058/silhouette_card.png,0,0,0,missing_image,"[""missing_image""]",2026-05-17T22:38:12+00:00
male_059__silhouette_card__v001,male_059,male,silhouette_card,missing,visual_qa_blocked,C:/Users/Mickey/StudioProjects/dating-app-ai_profile_image/ai_image/raw/male_059__silhouette_card__v001__attempt01.png,C:/Users/Mickey/StudioProjects/dating-app-ai_profile_image/ai_image/male/059/silhouette_card.png,0,0,0,missing_image,"[""missing_image""]",2026-05-17T22:38:12+00:00
male_060__silhouette_card__v001,male_060,male,silhouette_card,missing,visual_qa_blocked,C:/Users/Mickey/StudioProjects/dating-app-ai_profile_image/ai_image/raw/male_060__silhouette_card__v001__attempt01.png,C:/Users/Mickey/StudioProjects/dating-app-ai_profile_image/ai_image/male/060/silhouette_card.png,0,0,0,missing_image,"[""missing_image""]",2026-05-17T22:38:12+00:00
male_061__silhouette_card__v001,male_061,male,silhouette_card,missing,visual_qa_blocked,C:/Users/Mickey/StudioProjects/dating-app-ai_profile_image/ai_image/raw/male_061__silhouette_card__v001__attempt01.png,C:/Users/Mickey/StudioProjects/dating-app-ai_profile_image/ai_image/male/061/silhouette_card.png,0,0,0,missing_image,"[""missing_image""]",2026-05-17T22:38:12+00:00
male_062__silhouette_card__v001,male_062,male,silhouette_card,missing,visual_qa_blocked,C:/Users/Mickey/StudioProjects/dating-app-ai_profile_image/ai_image/raw/male_062__silhouette_card__v001__attempt01.png,C:/Users/Mickey/StudioProjects/dating-app-ai_profile_image/ai_image/male/062/silhouette_card.png,0,0,0,missing_image,"[""missing_image""]",2026-05-17T22:38:12+00:00
male_063__silhouette_card__v001,male_063,male,silhouette_card,missing,visual_qa_blocked,C:/Users/Mickey/StudioProjects/dating-app-ai_profile_image/ai_image/raw/male_063__silhouette_card__v001__attempt01.png,C:/Users/Mickey/StudioProjects/dating-app-ai_profile_image/ai_image/male/063/silhouette_card.png,0,0,0,missing_image,"[""missing_image""]",2026-05-17T22:38:12+00:00
male_064__silhouette_card__v001,male_064,male,silhouette_card,missing,visual_qa_blocked,C:/Users/Mickey/StudioProjects/dating-app-ai_profile_image/ai_image/raw/male_064__silhouette_card__v001__attempt01.png,C:/Users/Mickey/StudioProjects/dating-app-ai_profile_image/ai_image/male/064/silhouette_card.png,0,0,0,missing_image,"[""missing_image""]",2026-05-17T22:38:12+00:00
male_065__silhouette_card__v001,male_065,male,silhouette_card,missing,visual_qa_blocked,C:/Users/Mickey/StudioProjects/dating-app-ai_profile_image/ai_image/raw/male_065__silhouette_card__v001__attempt01.png,C:/Users/Mickey/StudioProjects/dating-app-ai_profile_image/ai_image/male/065/silhouette_card.png,0,0,0,missing_image,"[""missing_image""]",2026-05-17T22:38:12+00:00
male_066__silhouette_card__v001,male_066,male,silhouette_card,missing,visual_qa_blocked,C:/Users/Mickey/StudioProjects/dating-app-ai_profile_image/ai_image/raw/male_066__silhouette_card__v001__attempt01.png,C:/Users/Mickey/StudioProjects/dating-app-ai_profile_image/ai_image/male/066/silhouette_card.png,0,0,0,missing_image,"[""missing_image""]",2026-05-17T22:38:12+00:00
male_067__silhouette_card__v001,male_067,male,silhouette_card,missing,visual_qa_blocked,C:/Users/Mickey/StudioProjects/dating-app-ai_profile_image/ai_image/raw/male_067__silhouette_card__v001__attempt01.png,C:/Users/Mickey/StudioProjects/dating-app-ai_profile_image/ai_image/male/067/silhouette_card.png,0,0,0,missing_image,"[""missing_image""]",2026-05-17T22:38:12+00:00
male_068__silhouette_card__v001,male_068,male,silhouette_card,missing,visual_qa_blocked,C:/Users/Mickey/StudioProjects/dating-app-ai_profile_image/ai_image/raw/male_068__silhouette_card__v001__attempt01.png,C:/Users/Mickey/StudioProjects/dating-app-ai_profile_image/ai_image/male/068/silhouette_card.png,0,0,0,missing_image,"[""missing_image""]",2026-05-17T22:38:12+00:00
male_069__silhouette_card__v001,male_069,male,silhouette_card,missing,visual_qa_blocked,C:/Users/Mickey/StudioProjects/dating-app-ai_profile_image/ai_image/raw/male_069__silhouette_card__v001__attempt01.png,C:/Users/Mickey/StudioProjects/dating-app-ai_profile_image/ai_image/male/069/silhouette_card.png,0,0,0,missing_image,"[""missing_image""]",2026-05-17T22:38:12+00:00
male_070__silhouette_card__v001,male_070,male,silhouette_card,missing,visual_qa_blocked,C:/Users/Mickey/StudioProjects/dating-app-ai_profile_image/ai_image/raw/male_070__silhouette_card__v001__attempt01.png,C:/Users/Mickey/StudioProjects/dating-app-ai_profile_image/ai_image/male/070/silhouette_card.png,0,0,0,missing_image,"[""missing_image""]",2026-05-17T22:38:12+00:00
male_071__silhouette_card__v001,male_071,male,silhouette_card,missing,visual_qa_blocked,C:/Users/Mickey/StudioProjects/dating-app-ai_profile_image/ai_image/raw/male_071__silhouette_card__v001__attempt01.png,C:/Users/Mickey/StudioProjects/dating-app-ai_profile_image/ai_image/male/071/silhouette_card.png,0,0,0,missing_image,"[""missing_image""]",2026-05-17T22:38:12+00:00
male_072__silhouette_card__v001,male_072,male,silhouette_card,missing,visual_qa_blocked,C:/Users/Mickey/StudioProjects/dating-app-ai_profile_image/ai_image/raw/male_072__silhouette_card__v001__attempt01.png,C:/Users/Mickey/StudioProjects/dating-app-ai_profile_image/ai_image/male/072/silhouette_card.png,0,0,0,missing_image,"[""missing_image""]",2026-05-17T22:38:12+00:00
male_073__silhouette_card__v001,male_073,male,silhouette_card,missing,visual_qa_blocked,C:/Users/Mickey/StudioProjects/dating-app-ai_profile_image/ai_image/raw/male_073__silhouette_card__v001__attempt01.png,C:/Users/Mickey/StudioProjects/dating-app-ai_profile_image/ai_image/male/073/silhouette_card.png,0,0,0,missing_image,"[""missing_image""]",2026-05-17T22:38:12+00:00
male_074__silhouette_card__v001,male_074,male,silhouette_card,missing,visual_qa_blocked,C:/Users/Mickey/StudioProjects/dating-app-ai_profile_image/ai_image/raw/male_074__silhouette_card__v001__attempt01.png,C:/Users/Mickey/StudioProjects/dating-app-ai_profile_image/ai_image/male/074/silhouette_card.png,0,0,0,missing_image,"[""missing_image""]",2026-05-17T22:38:12+00:00
male_075__silhouette_card__v001,male_075,male,silhouette_card,missing,visual_qa_blocked,C:/Users/Mickey/StudioProjects/dating-app-ai_profile_image/ai_image/raw/male_075__silhouette_card__v001__attempt01.png,C:/Users/Mickey/StudioProjects/dating-app-ai_profile_image/ai_image/male/075/silhouette_card.png,0,0,0,missing_image,"[""missing_image""]",2026-05-17T22:38:12+00:00
male_076__silhouette_card__v001,male_076,male,silhouette_card,missing,visual_qa_blocked,C:/Users/Mickey/StudioProjects/dating-app-ai_profile_image/ai_image/raw/male_076__silhouette_card__v001__attempt01.png,C:/Users/Mickey/StudioProjects/dating-app-ai_profile_image/ai_image/male/076/silhouette_card.png,0,0,0,missing_image,"[""missing_image""]",2026-05-17T22:38:12+00:00
male_077__silhouette_card__v001,male_077,male,silhouette_card,missing,visual_qa_blocked,C:/Users/Mickey/StudioProjects/dating-app-ai_profile_image/ai_image/raw/male_077__silhouette_card__v001__attempt01.png,C:/Users/Mickey/StudioProjects/dating-app-ai_profile_image/ai_image/male/077/silhouette_card.png,0,0,0,missing_image,"[""missing_image""]",2026-05-17T22:38:12+00:00
male_078__silhouette_card__v001,male_078,male,silhouette_card,missing,visual_qa_blocked,C:/Users/Mickey/StudioProjects/dating-app-ai_profile_image/ai_image/raw/male_078__silhouette_card__v001__attempt01.png,C:/Users/Mickey/StudioProjects/dating-app-ai_profile_image/ai_image/male/078/silhouette_card.png,0,0,0,missing_image,"[""missing_image""]",2026-05-17T22:38:12+00:00
male_079__silhouette_card__v001,male_079,male,silhouette_card,missing,visual_qa_blocked,C:/Users/Mickey/StudioProjects/dating-app-ai_profile_image/ai_image/raw/male_079__silhouette_card__v001__attempt01.png,C:/Users/Mickey/StudioProjects/dating-app-ai_profile_image/ai_image/male/079/silhouette_card.png,0,0,0,missing_image,"[""missing_image""]",2026-05-17T22:38:12+00:00
male_080__silhouette_card__v001,male_080,male,silhouette_card,missing,visual_qa_blocked,C:/Users/Mickey/StudioProjects/dating-app-ai_profile_image/ai_image/raw/male_080__silhouette_card__v001__attempt01.png,C:/Users/Mickey/StudioProjects/dating-app-ai_profile_image/ai_image/male/080/silhouette_card.png,0,0,0,missing_image,"[""missing_image""]",2026-05-17T22:38:12+00:00
male_081__silhouette_card__v001,male_081,male,silhouette_card,missing,visual_qa_blocked,C:/Users/Mickey/StudioProjects/dating-app-ai_profile_image/ai_image/raw/male_081__silhouette_card__v001__attempt01.png,C:/Users/Mickey/StudioProjects/dating-app-ai_profile_image/ai_image/male/081/silhouette_card.png,0,0,0,missing_image,"[""missing_image""]",2026-05-17T22:38:12+00:00
male_082__silhouette_card__v001,male_082,male,silhouette_card,missing,visual_qa_blocked,C:/Users/Mickey/StudioProjects/dating-app-ai_profile_image/ai_image/raw/male_082__silhouette_card__v001__attempt01.png,C:/Users/Mickey/StudioProjects/dating-app-ai_profile_image/ai_image/male/082/silhouette_card.png,0,0,0,missing_image,"[""missing_image""]",2026-05-17T22:38:12+00:00
male_083__silhouette_card__v001,male_083,male,silhouette_card,missing,visual_qa_blocked,C:/Users/Mickey/StudioProjects/dating-app-ai_profile_image/ai_image/raw/male_083__silhouette_card__v001__attempt01.png,C:/Users/Mickey/StudioProjects/dating-app-ai_profile_image/ai_image/male/083/silhouette_card.png,0,0,0,missing_image,"[""missing_image""]",2026-05-17T22:38:12+00:00
male_084__silhouette_card__v001,male_084,male,silhouette_card,missing,visual_qa_blocked,C:/Users/Mickey/StudioProjects/dating-app-ai_profile_image/ai_image/raw/male_084__silhouette_card__v001__attempt01.png,C:/Users/Mickey/StudioProjects/dating-app-ai_profile_image/ai_image/male/084/silhouette_card.png,0,0,0,missing_image,"[""missing_image""]",2026-05-17T22:38:12+00:00
male_085__silhouette_card__v001,male_085,male,silhouette_card,missing,visual_qa_blocked,C:/Users/Mickey/StudioProjects/dating-app-ai_profile_image/ai_image/raw/male_085__silhouette_card__v001__attempt01.png,C:/Users/Mickey/StudioProjects/dating-app-ai_profile_image/ai_image/male/085/silhouette_card.png,0,0,0,missing_image,"[""missing_image""]",2026-05-17T22:38:12+00:00
male_086__silhouette_card__v001,male_086,male,silhouette_card,missing,visual_qa_blocked,C:/Users/Mickey/StudioProjects/dating-app-ai_profile_image/ai_image/raw/male_086__silhouette_card__v001__attempt01.png,C:/Users/Mickey/StudioProjects/dating-app-ai_profile_image/ai_image/male/086/silhouette_card.png,0,0,0,missing_image,"[""missing_image""]",2026-05-17T22:38:12+00:00
male_087__silhouette_card__v001,male_087,male,silhouette_card,missing,visual_qa_blocked,C:/Users/Mickey/StudioProjects/dating-app-ai_profile_image/ai_image/raw/male_087__silhouette_card__v001__attempt01.png,C:/Users/Mickey/StudioProjects/dating-app-ai_profile_image/ai_image/male/087/silhouette_card.png,0,0,0,missing_image,"[""missing_image""]",2026-05-17T22:38:12+00:00
male_088__silhouette_card__v001,male_088,male,silhouette_card,missing,visual_qa_blocked,C:/Users/Mickey/StudioProjects/dating-app-ai_profile_image/ai_image/raw/male_088__silhouette_card__v001__attempt01.png,C:/Users/Mickey/StudioProjects/dating-app-ai_profile_image/ai_image/male/088/silhouette_card.png,0,0,0,missing_image,"[""missing_image""]",2026-05-17T22:38:12+00:00
male_089__silhouette_card__v001,male_089,male,silhouette_card,missing,visual_qa_blocked,C:/Users/Mickey/StudioProjects/dating-app-ai_profile_image/ai_image/raw/male_089__silhouette_card__v001__attempt01.png,C:/Users/Mickey/StudioProjects/dating-app-ai_profile_image/ai_image/male/089/silhouette_card.png,0,0,0,missing_image,"[""missing_image""]",2026-05-17T22:38:12+00:00
male_090__silhouette_card__v001,male_090,male,silhouette_card,missing,visual_qa_blocked,C:/Users/Mickey/StudioProjects/dating-app-ai_profile_image/ai_image/raw/male_090__silhouette_card__v001__attempt01.png,C:/Users/Mickey/StudioProjects/dating-app-ai_profile_image/ai_image/male/090/silhouette_card.png,0,0,0,missing_image,"[""missing_image""]",2026-05-17T22:38:12+00:00
male_091__silhouette_card__v001,male_091,male,silhouette_card,missing,visual_qa_blocked,C:/Users/Mickey/StudioProjects/dating-app-ai_profile_image/ai_image/raw/male_091__silhouette_card__v001__attempt01.png,C:/Users/Mickey/StudioProjects/dating-app-ai_profile_image/ai_image/male/091/silhouette_card.png,0,0,0,missing_image,"[""missing_image""]",2026-05-17T22:38:12+00:00
male_092__silhouette_card__v001,male_092,male,silhouette_card,missing,visual_qa_blocked,C:/Users/Mickey/StudioProjects/dating-app-ai_profile_image/ai_image/raw/male_092__silhouette_card__v001__attempt01.png,C:/Users/Mickey/StudioProjects/dating-app-ai_profile_image/ai_image/male/092/silhouette_card.png,0,0,0,missing_image,"[""missing_image""]",2026-05-17T22:38:12+00:00
male_093__silhouette_card__v001,male_093,male,silhouette_card,missing,visual_qa_blocked,C:/Users/Mickey/StudioProjects/dating-app-ai_profile_image/ai_image/raw/male_093__silhouette_card__v001__attempt01.png,C:/Users/Mickey/StudioProjects/dating-app-ai_profile_image/ai_image/male/093/silhouette_card.png,0,0,0,missing_image,"[""missing_image""]",2026-05-17T22:38:12+00:00
male_094__silhouette_card__v001,male_094,male,silhouette_card,missing,visual_qa_blocked,C:/Users/Mickey/StudioProjects/dating-app-ai_profile_image/ai_image/raw/male_094__silhouette_card__v001__attempt01.png,C:/Users/Mickey/StudioProjects/dating-app-ai_profile_image/ai_image/male/094/silhouette_card.png,0,0,0,missing_image,"[""missing_image""]",2026-05-17T22:38:12+00:00
male_095__silhouette_card__v001,male_095,male,silhouette_card,missing,visual_qa_blocked,C:/Users/Mickey/StudioProjects/dating-app-ai_profile_image/ai_image/raw/male_095__silhouette_card__v001__attempt01.png,C:/Users/Mickey/StudioProjects/dating-app-ai_profile_image/ai_image/male/095/silhouette_card.png,0,0,0,missing_image,"[""missing_image""]",2026-05-17T22:38:12+00:00
male_096__silhouette_card__v001,male_096,male,silhouette_card,missing,visual_qa_blocked,C:/Users/Mickey/StudioProjects/dating-app-ai_profile_image/ai_image/raw/male_096__silhouette_card__v001__attempt01.png,C:/Users/Mickey/StudioProjects/dating-app-ai_profile_image/ai_image/male/096/silhouette_card.png,0,0,0,missing_image,"[""missing_image""]",2026-05-17T22:38:12+00:00
male_097__silhouette_card__v001,male_097,male,silhouette_card,missing,visual_qa_blocked,C:/Users/Mickey/StudioProjects/dating-app-ai_profile_image/ai_image/raw/male_097__silhouette_card__v001__attempt01.png,C:/Users/Mickey/StudioProjects/dating-app-ai_profile_image/ai_image/male/097/silhouette_card.png,0,0,0,missing_image,"[""missing_image""]",2026-05-17T22:38:12+00:00
male_098__silhouette_card__v001,male_098,male,silhouette_card,missing,visual_qa_blocked,C:/Users/Mickey/StudioProjects/dating-app-ai_profile_image/ai_image/raw/male_098__silhouette_card__v001__attempt01.png,C:/Users/Mickey/StudioProjects/dating-app-ai_profile_image/ai_image/male/098/silhouette_card.png,0,0,0,missing_image,"[""missing_image""]",2026-05-17T22:38:12+00:00
male_099__silhouette_card__v001,male_099,male,silhouette_card,missing,visual_qa_blocked,C:/Users/Mickey/StudioProjects/dating-app-ai_profile_image/ai_image/raw/male_099__silhouette_card__v001__attempt01.png,C:/Users/Mickey/StudioProjects/dating-app-ai_profile_image/ai_image/male/099/silhouette_card.png,0,0,0,missing_image,"[""missing_image""]",2026-05-17T22:38:12+00:00
male_100__silhouette_card__v001,male_100,male,silhouette_card,missing,visual_qa_blocked,C:/Users/Mickey/StudioProjects/dating-app-ai_profile_image/ai_image/raw/male_100__silhouette_card__v001__attempt01.png,C:/Users/Mickey/StudioProjects/dating-app-ai_profile_image/ai_image/male/100/silhouette_card.png,0,0,0,missing_image,"[""missing_image""]",2026-05-17T22:38:12+00:00
male_101__silhouette_card__v001,male_101,male,silhouette_card,missing,visual_qa_blocked,C:/Users/Mickey/StudioProjects/dating-app-ai_profile_image/ai_image/raw/male_101__silhouette_card__v001__attempt01.png,C:/Users/Mickey/StudioProjects/dating-app-ai_profile_image/ai_image/male/101/silhouette_card.png,0,0,0,missing_image,"[""missing_image""]",2026-05-17T22:38:12+00:00
male_102__silhouette_card__v001,male_102,male,silhouette_card,missing,visual_qa_blocked,C:/Users/Mickey/StudioProjects/dating-app-ai_profile_image/ai_image/raw/male_102__silhouette_card__v001__attempt01.png,C:/Users/Mickey/StudioProjects/dating-app-ai_profile_image/ai_image/male/102/silhouette_card.png,0,0,0,missing_image,"[""missing_image""]",2026-05-17T22:38:12+00:00
male_103__silhouette_card__v001,male_103,male,silhouette_card,missing,visual_qa_blocked,C:/Users/Mickey/StudioProjects/dating-app-ai_profile_image/ai_image/raw/male_103__silhouette_card__v001__attempt01.png,C:/Users/Mickey/StudioProjects/dating-app-ai_profile_image/ai_image/male/103/silhouette_card.png,0,0,0,missing_image,"[""missing_image""]",2026-05-17T22:38:12+00:00
male_104__silhouette_card__v001,male_104,male,silhouette_card,missing,visual_qa_blocked,C:/Users/Mickey/StudioProjects/dating-app-ai_profile_image/ai_image/raw/male_104__silhouette_card__v001__attempt01.png,C:/Users/Mickey/StudioProjects/dating-app-ai_profile_image/ai_image/male/104/silhouette_card.png,0,0,0,missing_image,"[""missing_image""]",2026-05-17T22:38:12+00:00
male_105__silhouette_card__v001,male_105,male,silhouette_card,missing,visual_qa_blocked,C:/Users/Mickey/StudioProjects/dating-app-ai_profile_image/ai_image/raw/male_105__silhouette_card__v001__attempt01.png,C:/Users/Mickey/StudioProjects/dating-app-ai_profile_image/ai_image/male/105/silhouette_card.png,0,0,0,missing_image,"[""missing_image""]",2026-05-17T22:38:12+00:00
male_106__silhouette_card__v001,male_106,male,silhouette_card,missing,visual_qa_blocked,C:/Users/Mickey/StudioProjects/dating-app-ai_profile_image/ai_image/raw/male_106__silhouette_card__v001__attempt01.png,C:/Users/Mickey/StudioProjects/dating-app-ai_profile_image/ai_image/male/106/silhouette_card.png,0,0,0,missing_image,"[""missing_image""]",2026-05-17T22:38:12+00:00
male_107__silhouette_card__v001,male_107,male,silhouette_card,missing,visual_qa_blocked,C:/Users/Mickey/StudioProjects/dating-app-ai_profile_image/ai_image/raw/male_107__silhouette_card__v001__attempt01.png,C:/Users/Mickey/StudioProjects/dating-app-ai_profile_image/ai_image/male/107/silhouette_card.png,0,0,0,missing_image,"[""missing_image""]",2026-05-17T22:38:12+00:00
male_108__silhouette_card__v001,male_108,male,silhouette_card,missing,visual_qa_blocked,C:/Users/Mickey/StudioProjects/dating-app-ai_profile_image/ai_image/raw/male_108__silhouette_card__v001__attempt01.png,C:/Users/Mickey/StudioProjects/dating-app-ai_profile_image/ai_image/male/108/silhouette_card.png,0,0,0,missing_image,"[""missing_image""]",2026-05-17T22:38:12+00:00
male_109__silhouette_card__v001,male_109,male,silhouette_card,missing,visual_qa_blocked,C:/Users/Mickey/StudioProjects/dating-app-ai_profile_image/ai_image/raw/male_109__silhouette_card__v001__attempt01.png,C:/Users/Mickey/StudioProjects/dating-app-ai_profile_image/ai_image/male/109/silhouette_card.png,0,0,0,missing_image,"[""missing_image""]",2026-05-17T22:38:12+00:00
male_110__silhouette_card__v001,male_110,male,silhouette_card,missing,visual_qa_blocked,C:/Users/Mickey/StudioProjects/dating-app-ai_profile_image/ai_image/raw/male_110__silhouette_card__v001__attempt01.png,C:/Users/Mickey/StudioProjects/dating-app-ai_profile_image/ai_image/male/110/silhouette_card.png,0,0,0,missing_image,"[""missing_image""]",2026-05-17T22:38:12+00:00
male_111__silhouette_card__v001,male_111,male,silhouette_card,missing,visual_qa_blocked,C:/Users/Mickey/StudioProjects/dating-app-ai_profile_image/ai_image/raw/male_111__silhouette_card__v001__attempt01.png,C:/Users/Mickey/StudioProjects/dating-app-ai_profile_image/ai_image/male/111/silhouette_card.png,0,0,0,missing_image,"[""missing_image""]",2026-05-17T22:38:12+00:00
male_112__silhouette_card__v001,male_112,male,silhouette_card,missing,visual_qa_blocked,C:/Users/Mickey/StudioProjects/dating-app-ai_profile_image/ai_image/raw/male_112__silhouette_card__v001__attempt01.png,C:/Users/Mickey/StudioProjects/dating-app-ai_profile_image/ai_image/male/112/silhouette_card.png,0,0,0,missing_image,"[""missing_image""]",2026-05-17T22:38:12+00:00
male_113__silhouette_card__v001,male_113,male,silhouette_card,missing,visual_qa_blocked,C:/Users/Mickey/StudioProjects/dating-app-ai_profile_image/ai_image/raw/male_113__silhouette_card__v001__attempt01.png,C:/Users/Mickey/StudioProjects/dating-app-ai_profile_image/ai_image/male/113/silhouette_card.png,0,0,0,missing_image,"[""missing_image""]",2026-05-17T22:38:12+00:00
male_114__silhouette_card__v001,male_114,male,silhouette_card,missing,visual_qa_blocked,C:/Users/Mickey/StudioProjects/dating-app-ai_profile_image/ai_image/raw/male_114__silhouette_card__v001__attempt01.png,C:/Users/Mickey/StudioProjects/dating-app-ai_profile_image/ai_image/male/114/silhouette_card.png,0,0,0,missing_image,"[""missing_image""]",2026-05-17T22:38:12+00:00
male_115__silhouette_card__v001,male_115,male,silhouette_card,missing,visual_qa_blocked,C:/Users/Mickey/StudioProjects/dating-app-ai_profile_image/ai_image/raw/male_115__silhouette_card__v001__attempt01.png,C:/Users/Mickey/StudioProjects/dating-app-ai_profile_image/ai_image/male/115/silhouette_card.png,0,0,0,missing_image,"[""missing_image""]",2026-05-17T22:38:12+00:00
male_116__silhouette_card__v001,male_116,male,silhouette_card,missing,visual_qa_blocked,C:/Users/Mickey/StudioProjects/dating-app-ai_profile_image/ai_image/raw/male_116__silhouette_card__v001__attempt01.png,C:/Users/Mickey/StudioProjects/dating-app-ai_profile_image/ai_image/male/116/silhouette_card.png,0,0,0,missing_image,"[""missing_image""]",2026-05-17T22:38:12+00:00
male_117__silhouette_card__v001,male_117,male,silhouette_card,missing,visual_qa_blocked,C:/Users/Mickey/StudioProjects/dating-app-ai_profile_image/ai_image/raw/male_117__silhouette_card__v001__attempt01.png,C:/Users/Mickey/StudioProjects/dating-app-ai_profile_image/ai_image/male/117/silhouette_card.png,0,0,0,missing_image,"[""missing_image""]",2026-05-17T22:38:12+00:00
male_118__silhouette_card__v001,male_118,male,silhouette_card,missing,visual_qa_blocked,C:/Users/Mickey/StudioProjects/dating-app-ai_profile_image/ai_image/raw/male_118__silhouette_card__v001__attempt01.png,C:/Users/Mickey/StudioProjects/dating-app-ai_profile_image/ai_image/male/118/silhouette_card.png,0,0,0,missing_image,"[""missing_image""]",2026-05-17T22:38:12+00:00
male_119__silhouette_card__v001,male_119,male,silhouette_card,missing,visual_qa_blocked,C:/Users/Mickey/StudioProjects/dating-app-ai_profile_image/ai_image/raw/male_119__silhouette_card__v001__attempt01.png,C:/Users/Mickey/StudioProjects/dating-app-ai_profile_image/ai_image/male/119/silhouette_card.png,0,0,0,missing_image,"[""missing_image""]",2026-05-17T22:38:12+00:00
male_120__silhouette_card__v001,male_120,male,silhouette_card,missing,visual_qa_blocked,C:/Users/Mickey/StudioProjects/dating-app-ai_profile_image/ai_image/raw/male_120__silhouette_card__v001__attempt01.png,C:/Users/Mickey/StudioProjects/dating-app-ai_profile_image/ai_image/male/120/silhouette_card.png,0,0,0,missing_image,"[""missing_image""]",2026-05-17T22:38:12+00:00
male_121__silhouette_card__v001,male_121,male,silhouette_card,missing,visual_qa_blocked,C:/Users/Mickey/StudioProjects/dating-app-ai_profile_image/ai_image/raw/male_121__silhouette_card__v001__attempt01.png,C:/Users/Mickey/StudioProjects/dating-app-ai_profile_image/ai_image/male/121/silhouette_card.png,0,0,0,missing_image,"[""missing_image""]",2026-05-17T22:38:12+00:00
male_122__silhouette_card__v001,male_122,male,silhouette_card,missing,visual_qa_blocked,C:/Users/Mickey/StudioProjects/dating-app-ai_profile_image/ai_image/raw/male_122__silhouette_card__v001__attempt01.png,C:/Users/Mickey/StudioProjects/dating-app-ai_profile_image/ai_image/male/122/silhouette_card.png,0,0,0,missing_image,"[""missing_image""]",2026-05-17T22:38:12+00:00
male_123__silhouette_card__v001,male_123,male,silhouette_card,missing,visual_qa_blocked,C:/Users/Mickey/StudioProjects/dating-app-ai_profile_image/ai_image/raw/male_123__silhouette_card__v001__attempt01.png,C:/Users/Mickey/StudioProjects/dating-app-ai_profile_image/ai_image/male/123/silhouette_card.png,0,0,0,missing_image,"[""missing_image""]",2026-05-17T22:38:12+00:00
male_124__silhouette_card__v001,male_124,male,silhouette_card,missing,visual_qa_blocked,C:/Users/Mickey/StudioProjects/dating-app-ai_profile_image/ai_image/raw/male_124__silhouette_card__v001__attempt01.png,C:/Users/Mickey/StudioProjects/dating-app-ai_profile_image/ai_image/male/124/silhouette_card.png,0,0,0,missing_image,"[""missing_image""]",2026-05-17T22:38:12+00:00
male_125__silhouette_card__v001,male_125,male,silhouette_card,missing,visual_qa_blocked,C:/Users/Mickey/StudioProjects/dating-app-ai_profile_image/ai_image/raw/male_125__silhouette_card__v001__attempt01.png,C:/Users/Mickey/StudioProjects/dating-app-ai_profile_image/ai_image/male/125/silhouette_card.png,0,0,0,missing_image,"[""missing_image""]",2026-05-17T22:38:12+00:00
male_126__silhouette_card__v001,male_126,male,silhouette_card,missing,visual_qa_blocked,C:/Users/Mickey/StudioProjects/dating-app-ai_profile_image/ai_image/raw/male_126__silhouette_card__v001__attempt01.png,C:/Users/Mickey/StudioProjects/dating-app-ai_profile_image/ai_image/male/126/silhouette_card.png,0,0,0,missing_image,"[""missing_image""]",2026-05-17T22:38:12+00:00
male_127__silhouette_card__v001,male_127,male,silhouette_card,missing,visual_qa_blocked,C:/Users/Mickey/StudioProjects/dating-app-ai_profile_image/ai_image/raw/male_127__silhouette_card__v001__attempt01.png,C:/Users/Mickey/StudioProjects/dating-app-ai_profile_image/ai_image/male/127/silhouette_card.png,0,0,0,missing_image,"[""missing_image""]",2026-05-17T22:38:12+00:00
male_128__silhouette_card__v001,male_128,male,silhouette_card,missing,visual_qa_blocked,C:/Users/Mickey/StudioProjects/dating-app-ai_profile_image/ai_image/raw/male_128__silhouette_card__v001__attempt01.png,C:/Users/Mickey/StudioProjects/dating-app-ai_profile_image/ai_image/male/128/silhouette_card.png,0,0,0,missing_image,"[""missing_image""]",2026-05-17T22:38:12+00:00
male_129__silhouette_card__v001,male_129,male,silhouette_card,missing,visual_qa_blocked,C:/Users/Mickey/StudioProjects/dating-app-ai_profile_image/ai_image/raw/male_129__silhouette_card__v001__attempt01.png,C:/Users/Mickey/StudioProjects/dating-app-ai_profile_image/ai_image/male/129/silhouette_card.png,0,0,0,missing_image,"[""missing_image""]",2026-05-17T22:38:12+00:00
male_130__silhouette_card__v001,male_130,male,silhouette_card,missing,visual_qa_blocked,C:/Users/Mickey/StudioProjects/dating-app-ai_profile_image/ai_image/raw/male_130__silhouette_card__v001__attempt01.png,C:/Users/Mickey/StudioProjects/dating-app-ai_profile_image/ai_image/male/130/silhouette_card.png,0,0,0,missing_image,"[""missing_image""]",2026-05-17T22:38:12+00:00
male_131__silhouette_card__v001,male_131,male,silhouette_card,missing,visual_qa_blocked,C:/Users/Mickey/StudioProjects/dating-app-ai_profile_image/ai_image/raw/male_131__silhouette_card__v001__attempt01.png,C:/Users/Mickey/StudioProjects/dating-app-ai_profile_image/ai_image/male/131/silhouette_card.png,0,0,0,missing_image,"[""missing_image""]",2026-05-17T22:38:12+00:00
male_132__silhouette_card__v001,male_132,male,silhouette_card,missing,visual_qa_blocked,C:/Users/Mickey/StudioProjects/dating-app-ai_profile_image/ai_image/raw/male_132__silhouette_card__v001__attempt01.png,C:/Users/Mickey/StudioProjects/dating-app-ai_profile_image/ai_image/male/132/silhouette_card.png,0,0,0,missing_image,"[""missing_image""]",2026-05-17T22:38:12+00:00
male_133__silhouette_card__v001,male_133,male,silhouette_card,missing,visual_qa_blocked,C:/Users/Mickey/StudioProjects/dating-app-ai_profile_image/ai_image/raw/male_133__silhouette_card__v001__attempt01.png,C:/Users/Mickey/StudioProjects/dating-app-ai_profile_image/ai_image/male/133/silhouette_card.png,0,0,0,missing_image,"[""missing_image""]",2026-05-17T22:38:12+00:00
male_134__silhouette_card__v001,male_134,male,silhouette_card,missing,visual_qa_blocked,C:/Users/Mickey/StudioProjects/dating-app-ai_profile_image/ai_image/raw/male_134__silhouette_card__v001__attempt01.png,C:/Users/Mickey/StudioProjects/dating-app-ai_profile_image/ai_image/male/134/silhouette_card.png,0,0,0,missing_image,"[""missing_image""]",2026-05-17T22:38:12+00:00
male_135__silhouette_card__v001,male_135,male,silhouette_card,missing,visual_qa_blocked,C:/Users/Mickey/StudioProjects/dating-app-ai_profile_image/ai_image/raw/male_135__silhouette_card__v001__attempt01.png,C:/Users/Mickey/StudioProjects/dating-app-ai_profile_image/ai_image/male/135/silhouette_card.png,0,0,0,missing_image,"[""missing_image""]",2026-05-17T22:38:12+00:00
male_136__silhouette_card__v001,male_136,male,silhouette_card,missing,visual_qa_blocked,C:/Users/Mickey/StudioProjects/dating-app-ai_profile_image/ai_image/raw/male_136__silhouette_card__v001__attempt01.png,C:/Users/Mickey/StudioProjects/dating-app-ai_profile_image/ai_image/male/136/silhouette_card.png,0,0,0,missing_image,"[""missing_image""]",2026-05-17T22:38:12+00:00
male_137__silhouette_card__v001,male_137,male,silhouette_card,missing,visual_qa_blocked,C:/Users/Mickey/StudioProjects/dating-app-ai_profile_image/ai_image/raw/male_137__silhouette_card__v001__attempt01.png,C:/Users/Mickey/StudioProjects/dating-app-ai_profile_image/ai_image/male/137/silhouette_card.png,0,0,0,missing_image,"[""missing_image""]",2026-05-17T22:38:12+00:00
male_138__silhouette_card__v001,male_138,male,silhouette_card,missing,visual_qa_blocked,C:/Users/Mickey/StudioProjects/dating-app-ai_profile_image/ai_image/raw/male_138__silhouette_card__v001__attempt01.png,C:/Users/Mickey/StudioProjects/dating-app-ai_profile_image/ai_image/male/138/silhouette_card.png,0,0,0,missing_image,"[""missing_image""]",2026-05-17T22:38:12+00:00
male_139__silhouette_card__v001,male_139,male,silhouette_card,missing,visual_qa_blocked,C:/Users/Mickey/StudioProjects/dating-app-ai_profile_image/ai_image/raw/male_139__silhouette_card__v001__attempt01.png,C:/Users/Mickey/StudioProjects/dating-app-ai_profile_image/ai_image/male/139/silhouette_card.png,0,0,0,missing_image,"[""missing_image""]",2026-05-17T22:38:12+00:00
male_140__silhouette_card__v001,male_140,male,silhouette_card,missing,visual_qa_blocked,C:/Users/Mickey/StudioProjects/dating-app-ai_profile_image/ai_image/raw/male_140__silhouette_card__v001__attempt01.png,C:/Users/Mickey/StudioProjects/dating-app-ai_profile_image/ai_image/male/140/silhouette_card.png,0,0,0,missing_image,"[""missing_image""]",2026-05-17T22:38:12+00:00
